Year,Month,DayofMonth,DayOfWeek,DepTime,CRSDepTime,ArrTime,CRSArrTime,UniqueCarrier,FlightNum,TailNum,ActualElapsedTime,CRSElapsedTime,AirTime,ArrDelay,DepDelay,Origin,Dest,Distance,TaxiIn,TaxiOut,Cancelled,CancellationCode,Diverted,CarrierDelay,WeatherDelay,NASDelay,SecurityDelay,LateAircraftDelay
2006,1,11,3,743,745,1024,1018,US,343,N657AW,281,273,223,6,-2,ATL,PHX,1587,45,13,0,,0,0,0,0,0,0
2006,1,11,3,1053,1053,1313,1318,US,613,N834AW,260,265,214,-5,0,ATL,PHX,1587,27,19,0,,0,0,0,0,0,0
2006,1,11,3,1915,1915,2110,2133,US,617,N605AW,235,258,220,-23,0,ATL,PHX,1587,4,11,0,,0,0,0,0,0,0
2006,1,11,3,1753,1755,1925,1933,US,300,N312AW,152,158,126,-8,-2,AUS,PHX,872,16,10,0,,0,0,0,0,0,0
2006,1,11,3,824,832,1015,1015,US,765,N309AW,171,163,132,0,-8,AUS,PHX,872,27,12,0,,0,0,0,0,0,0
2006,1,11,3,627,630,834,832,US,295,N733UW,127,122,108,2,-3,BDL,CLT,644,6,13,0,,0,0,0,0,0,0
2006,1,11,3,825,820,1041,1021,US,349,N177UW,136,121,111,20,5,BDL,CLT,644,4,21,0,,0,0,0,20,0,0
2006,1,11,3,942,945,1155,1148,US,356,N404US,133,123,121,7,-3,BDL,CLT,644,4,8,0,,0,0,0,0,0,0
2006,1,11,3,1239,1245,1438,1445,US,775,N722UW,119,120,103,-7,-6,BDL,CLT,644,4,12,0,,0,0,0,0,0,0
2006,1,11,3,1642,1645,1841,1845,US,1002,N104UW,119,120,105,-4,-3,BDL,CLT,644,4,10,0,,0,0,0,0,0,0
2006,1,11,3,1836,1835,NA,2035,US,1103,N425US,NA,120,NA,NA,1,BDL,CLT,644,0,17,0,,1,0,0,0,0,0
2006,1,11,3,NA,1725,NA,1845,US,69,0,NA,80,NA,NA,NA,BDL,DCA,313,0,0,1,A,0,0,0,0,0,0
2006,1,11,3,613,620,738,743,US,1159,N162UW,85,83,69,-5,-7,BDL,DCA,313,4,12,0,,0,0,0,0,0,0
2006,1,11,3,1125,1125,1242,1245,US,1249,N782AU,77,80,68,-3,0,BDL,DCA,313,3,6,0,,0,0,0,0,0,0
2006,1,11,3,2045,2045,2205,2200,US,1680,N814MD,80,75,58,5,0,BDL,DCA,313,14,8,0,,0,0,0,0,0,0
2006,1,11,3,1342,1340,1509,1455,US,1681,N808MD,87,75,73,14,2,BDL,DCA,313,4,10,0,,0,0,0,0,0,0
2006,1,11,3,1752,1540,1923,1654,US,127,N105UW,91,74,69,149,132,BDL,PHL,196,3,19,0,,0,0,0,149,0,0
2006,1,11,3,724,730,843,845,US,277,N525AU,79,75,54,-2,-6,BDL,PHL,196,17,8,0,,0,0,0,0,0,0
2006,1,11,3,1153,1145,1324,1259,US,637,N702UW,91,74,50,25,8,BDL,PHL,196,3,38,0,,0,0,0,25,0,0
2006,1,11,3,528,525,640,640,US,1658,N807MD,72,75,52,0,3,BDL,PHL,196,10,10,0,,0,0,0,0,0,0
2006,1,11,3,630,630,950,1021,US,419,N665AW,320,351,287,-31,0,BDL,PHX,2213,19,14,0,,0,0,0,0,0,0
2006,1,11,3,1515,1520,1651,1650,US,1607,N813MA,96,90,77,1,-5,BDL,PIT,406,5,14,0,,0,0,0,0,0,0
2006,1,11,3,557,605,805,818,US,78,N577US,68,73,52,-13,-8,BNA,CLT,329,5,11,0,,0,0,0,0,0,0
2006,1,11,3,806,810,1035,1020,US,218,N514AU,89,70,68,15,-4,BNA,CLT,329,8,13,0,,0,0,0,15,0,0
2006,1,11,3,1828,1830,2035,2041,US,918,N335US,67,71,52,-6,-2,BNA,CLT,329,6,9,0,,0,0,0,0,0,0
2006,1,11,3,910,640,NA,915,US,1650,N821MD,NA,95,NA,NA,150,BNA,DCA,562,0,12,0,,1,0,0,0,0,0
2006,1,11,3,725,725,1015,1021,US,1636,N822MD,110,116,92,-6,0,BNA,PHL,675,9,9,0,,0,0,0,0,0,0
2006,1,11,3,1555,1600,1751,1806,US,678,N659AW,116,126,101,-15,-5,BOI,PHX,735,5,10,0,,0,0,0,0,0,0
2006,1,11,3,657,700,902,905,US,856,N837AW,125,125,99,-3,-3,BOI,PHX,735,6,20,0,,0,0,0,0,0,0
2006,1,11,3,1056,1100,1329,1317,US,53,N723UW,153,137,127,12,-4,BOS,CLT,728,12,14,0,,0,0,0,0,0,0
2006,1,11,3,1406,1415,1632,1633,US,191,N751UW,146,138,124,-1,-9,BOS,CLT,728,3,19,0,,0,0,0,0,0,0
2006,1,11,3,1222,1230,1438,1447,US,257,N749UW,136,137,119,-9,-8,BOS,CLT,728,5,12,0,,0,0,0,0,0,0
2006,1,11,3,742,745,1003,1009,US,329,N624AU,141,144,117,-6,-3,BOS,CLT,728,5,19,0,,0,0,0,0,0,0
2006,1,11,3,610,615,824,834,US,561,N632AU,134,139,117,-10,-5,BOS,CLT,728,4,13,0,,0,0,0,0,0,0
2006,1,11,3,1851,1835,2116,2100,US,882,N621AU,145,145,107,16,16,BOS,CLT,728,4,34,0,,0,0,0,0,0,16
2006,1,11,3,947,955,1238,1215,US,1115,N334US,171,140,151,23,-8,BOS,CLT,728,5,15,0,,0,0,0,23,0,0
2006,1,11,3,1545,1550,1812,1814,US,1183,N525AU,147,144,126,-2,-5,BOS,CLT,728,6,15,0,,0,0,0,0,0,0
2006,1,11,3,454,500,709,714,US,1242,N770UW,135,134,117,-5,-6,BOS,CLT,728,4,14,0,,0,0,0,0,0,0
2006,1,11,3,542,545,714,718,US,2021,N737UW,92,93,77,-4,-3,BOS,DCA,399,2,13,0,,0,0,0,0,0,0
2006,1,11,3,640,645,813,821,US,2023,N762UW,93,96,78,-8,-5,BOS,DCA,399,2,13,0,,0,0,0,0,0,0
2006,1,11,3,739,745,913,926,US,2025,N753UW,94,101,76,-13,-6,BOS,DCA,399,2,16,0,,0,0,0,0,0,0
2006,1,11,3,843,845,1012,1026,US,2027,N752UW,89,101,75,-14,-2,BOS,DCA,399,2,12,0,,0,0,0,0,0,0
2006,1,11,3,938,945,1109,1121,US,2029,N769UW,91,96,77,-12,-7,BOS,DCA,399,2,12,0,,0,0,0,0,0,0
2006,1,11,3,1041,1045,1220,1221,US,2031,N746UW,99,96,77,-1,-4,BOS,DCA,399,3,19,0,,0,0,0,0,0,0
2006,1,11,3,1140,1145,1311,1323,US,2033,N715UW,91,98,79,-12,-5,BOS,DCA,399,2,10,0,,0,0,0,0,0,0
2006,1,11,3,1238,1245,1405,1421,US,2035,N754UW,87,96,73,-16,-7,BOS,DCA,399,3,11,0,,0,0,0,0,0,0
2006,1,11,3,1342,1345,1513,1520,US,2037,N737UW,91,95,77,-7,-3,BOS,DCA,399,3,11,0,,0,0,0,0,0,0
2006,1,11,3,1440,1445,1615,1622,US,2039,N762UW,95,97,78,-7,-5,BOS,DCA,399,3,14,0,,0,0,0,0,0,0
2006,6,1,4,850,853,951,1001,NW,263,N344NW,241,248,220,-10,-3,DTW,PHX,1671,7,14,0,,0,0,0,0,0,0
2006,6,2,5,849,853,941,1001,NW,263,N364NW,232,248,215,-20,-4,DTW,PHX,1671,3,14,0,,0,0,0,0,0,0
2006,6,3,6,851,853,943,1001,NW,263,N340NW,232,248,215,-18,-2,DTW,PHX,1671,5,12,0,,0,0,0,0,0,0
2006,6,4,7,858,853,948,1001,NW,263,N348NW,230,248,209,-13,5,DTW,PHX,1671,5,16,0,,0,0,0,0,0,0
2006,6,5,1,851,853,941,1001,NW,263,N366NW,230,248,206,-20,-2,DTW,PHX,1671,3,21,0,,0,0,0,0,0,0
2006,6,6,2,942,853,1031,1001,NW,263,N353NW,229,248,207,30,49,DTW,PHX,1671,4,18,0,,0,30,0,0,0,0
2006,6,7,3,855,853,941,1001,NW,263,N352NW,226,248,210,-20,2,DTW,PHX,1671,3,13,0,,0,0,0,0,0,0
2006,6,8,4,1510,1510,1610,1616,NW,263,N355NB,240,246,218,-6,0,DTW,PHX,1671,6,16,0,,0,0,0,0,0,0
2006,6,9,5,1512,1510,1614,1616,NW,263,N374NB,242,246,224,-2,2,DTW,PHX,1671,3,15,0,,0,0,0,0,0,0
2006,6,10,6,1522,1510,1628,1616,NW,263,N353NB,246,246,230,12,12,DTW,PHX,1671,4,12,0,,0,0,0,0,0,0
2006,6,11,7,1522,1510,1632,1616,NW,263,N372NB,250,246,230,16,12,DTW,PHX,1671,5,15,0,,0,12,0,4,0,0
2006,6,12,1,1510,1510,1607,1616,NW,263,N351NB,237,246,220,-9,0,DTW,PHX,1671,5,12,0,,0,0,0,0,0,0
2006,6,13,2,1507,1510,1601,1616,NW,263,N357NB,234,246,214,-15,-3,DTW,PHX,1671,6,14,0,,0,0,0,0,0,0
2006,6,14,3,1510,1510,1614,1616,NW,263,N346NB,244,246,227,-2,0,DTW,PHX,1671,5,12,0,,0,0,0,0,0,0
2006,6,15,4,1510,1510,1629,1616,NW,263,N344NB,259,246,239,13,0,DTW,PHX,1671,3,17,0,,0,0,0,0,0,0
2006,6,16,5,1506,1510,1603,1616,NW,263,N319NB,237,246,222,-13,-4,DTW,PHX,1671,3,12,0,,0,0,0,0,0,0
2006,6,17,6,1508,1510,1553,1616,NW,263,N361NB,225,246,212,-23,-2,DTW,PHX,1671,3,10,0,,0,0,0,0,0,0
2006,6,18,7,1533,1510,1632,1616,NW,263,N366NB,239,246,222,16,23,DTW,PHX,1671,5,12,0,,0,7,0,0,0,9
2006,6,19,1,1534,1510,1646,1616,NW,263,N343NB,252,246,217,30,24,DTW,PHX,1671,3,32,0,,0,24,0,6,0,0
2006,6,20,2,1521,1510,1619,1616,NW,263,N345NB,238,246,222,3,11,DTW,PHX,1671,4,12,0,,0,0,0,0,0,0
2006,6,21,3,1516,1510,1610,1616,NW,263,N358NB,234,246,218,-6,6,DTW,PHX,1671,3,13,0,,0,0,0,0,0,0
2006,6,22,4,1509,1510,1625,1616,NW,263,N351NB,256,246,233,9,-1,DTW,PHX,1671,3,20,0,,0,0,0,0,0,0
2006,6,23,5,1506,1510,1606,1616,NW,263,N362NB,240,246,225,-10,-4,DTW,PHX,1671,5,10,0,,0,0,0,0,0,0
2006,6,24,6,1509,1510,1600,1616,NW,263,N331NB,231,246,219,-16,-1,DTW,PHX,1671,3,9,0,,0,0,0,0,0,0
2006,6,25,7,1511,1510,1611,1616,NW,263,N370NB,240,246,224,-5,1,DTW,PHX,1671,4,12,0,,0,0,0,0,0,0
2006,6,26,1,1554,1510,1657,1616,NW,263,N361NB,243,246,224,41,44,DTW,PHX,1671,5,14,0,,0,0,41,0,0,0
2006,6,27,2,1513,1510,1602,1616,NW,263,N344NB,229,246,214,-14,3,DTW,PHX,1671,5,10,0,,0,0,0,0,0,0
2006,6,28,3,1526,1510,1644,1616,NW,263,N351NB,258,246,228,28,16,DTW,PHX,1671,4,26,0,,0,16,0,12,0,0
2006,6,29,4,1507,1510,1547,1616,NW,263,N329NB,220,246,208,-29,-3,DTW,PHX,1671,3,9,0,,0,0,0,0,0,0
2006,6,30,5,1516,1510,1608,1616,NW,263,N364NB,232,246,213,-8,6,DTW,PHX,1671,5,14,0,,0,0,0,0,0,0
2006,6,8,4,1108,1109,1408,1406,NW,263,N355NB,180,177,156,2,-1,FLL,DTW,1127,10,14,0,,0,0,0,0,0,0
2006,6,9,5,1105,1109,1402,1406,NW,263,N374NB,177,177,158,-4,-4,FLL,DTW,1127,6,13,0,,0,0,0,0,0,0
2006,6,10,6,1105,1109,1406,1406,NW,263,N365NW,181,177,149,0,-4,FLL,DTW,1127,15,17,0,,0,0,0,0,0,0
2006,6,11,7,1106,1109,1358,1406,NW,263,N372NB,172,177,148,-8,-3,FLL,DTW,1127,13,11,0,,0,0,0,0,0,0
2006,6,12,1,1103,1109,1355,1406,NW,263,N351NB,172,177,147,-11,-6,FLL,DTW,1127,11,14,0,,0,0,0,0,0,0
2006,6,13,2,1109,1109,1359,1406,NW,263,N357NB,170,177,142,-7,0,FLL,DTW,1127,11,17,0,,0,0,0,0,0,0
2006,6,14,3,1105,1109,1405,1406,NW,263,N346NB,180,177,147,-1,-4,FLL,DTW,1127,13,20,0,,0,0,0,0,0,0
2006,6,15,4,1108,1109,1402,1406,NW,263,N344NB,174,177,156,-4,-1,FLL,DTW,1127,8,10,0,,0,0,0,0,0,0
2006,6,16,5,1101,1109,1412,1406,NW,263,N319NB,191,177,165,6,-8,FLL,DTW,1127,9,17,0,,0,0,0,0,0,0
2006,6,17,6,1105,1109,1400,1406,NW,263,N371NW,175,177,153,-6,-4,FLL,DTW,1127,9,13,0,,0,0,0,0,0,0
2006,6,18,7,1104,1109,1424,1406,NW,263,N301NB,200,177,162,18,-5,FLL,DTW,1127,16,22,0,,0,0,0,18,0,0
2006,6,19,1,1101,1109,1413,1406,NW,263,N341NB,192,177,151,7,-8,FLL,DTW,1127,30,11,0,,0,0,0,0,0,0
2006,6,20,2,1104,1109,1420,1406,NW,263,N345NB,196,177,158,14,-5,FLL,DTW,1127,7,31,0,,0,0,0,0,0,0
2006,6,21,3,1100,1109,1421,1406,NW,263,N358NB,201,177,173,15,-9,FLL,DTW,1127,9,19,0,,0,0,0,15,0,0
2006,6,22,4,1108,1109,1411,1406,NW,263,N344NB,183,177,158,5,-1,FLL,DTW,1127,8,17,0,,0,0,0,0,0,0
2006,6,23,5,1106,1109,1345,1406,NW,263,N362NB,159,177,143,-21,-3,FLL,DTW,1127,7,9,0,,0,0,0,0,0,0
2006,6,24,6,1101,1109,1411,1406,NW,263,N331NB,190,177,143,5,-8,FLL,DTW,1127,25,22,0,,0,0,0,0,0,0
2006,6,25,7,1312,1109,1625,1406,NW,263,N376NB,193,177,142,139,123,FLL,DTW,1127,4,47,0,,0,0,0,16,0,123
2006,6,26,1,1101,1109,1348,1406,NW,263,N361NB,167,177,139,-18,-8,FLL,DTW,1127,8,20,0,,0,0,0,0,0,0
2006,6,27,2,1103,1109,1354,1406,NW,263,N335NB,171,177,141,-12,-6,FLL,DTW,1127,8,22,0,,0,0,0,0,0,0
2006,6,28,3,1101,1109,1419,1406,NW,263,N351NB,198,177,166,13,-8,FLL,DTW,1127,8,24,0,,0,0,0,0,0,0
2006,6,29,4,1107,1109,1406,1406,NW,263,N329NB,179,177,150,0,-2,FLL,DTW,1127,15,14,0,,0,0,0,0,0,0
2006,6,30,5,1106,1109,1355,1406,NW,263,N364NB,169,177,148,-11,-3,FLL,DTW,1127,6,15,0,,0,0,0,0,0,0
2006,6,1,4,626,630,718,717,NW,263,N344NW,52,47,32,1,-4,GRR,DTW,120,8,12,0,,0,0,0,0,0,0
2006,6,2,5,630,630,717,717,NW,263,N364NW,47,47,29,0,0,GRR,DTW,120,10,8,0,,0,0,0,0,0,0
2006,6,3,6,627,630,708,717,NW,263,N340NW,41,47,25,-9,-3,GRR,DTW,120,9,7,0,,0,0,0,0,0,0
2006,6,4,7,627,630,711,717,NW,263,N348NW,44,47,30,-6,-3,GRR,DTW,120,7,7,0,,0,0,0,0,0,0
2006,6,5,1,626,630,717,717,NW,263,N345NB,51,47,26,0,-4,GRR,DTW,120,11,14,0,,0,0,0,0,0,0
2006,6,6,2,629,630,715,717,NW,263,N353NW,46,47,25,-2,-1,GRR,DTW,120,11,10,0,,0,0,0,0,0,0
2006,6,7,3,629,630,712,717,NW,263,N323US,43,47,30,-5,-1,GRR,DTW,120,6,7,0,,0,0,0,0,0,0
2006,6,9,5,656,700,818,756,NW,265,N505US,262,236,235,22,-4,DTW,PHX,1671,4,23,0,,0,0,0,22,0,0
2006,6,10,6,658,700,806,756,NW,265,N533US,248,236,224,10,-2,DTW,PHX,1671,5,19,0,,0,0,0,0,0,0
2006,6,11,7,656,700,811,756,NW,265,N527US,255,236,238,15,-4,DTW,PHX,1671,3,14,0,,0,0,0,15,0,0
2006,6,12,1,656,700,802,756,NW,265,N528US,246,236,230,6,-4,DTW,PHX,1671,5,11,0,,0,0,0,0,0,0
2006,6,13,2,656,700,802,756,NW,265,N521US,246,236,225,6,-4,DTW,PHX,1671,4,17,0,,0,0,0,0,0,0
2006,6,14,3,653,700,758,756,NW,265,N533US,245,236,222,2,-7,DTW,PHX,1671,5,18,0,,0,0,0,0,0,0
2006,6,15,4,700,700,817,756,NW,265,N526US,257,236,234,21,0,DTW,PHX,1671,4,19,0,,0,0,0,21,0,0
2006,6,16,5,657,700,801,756,NW,265,N508US,244,236,223,5,-3,DTW,PHX,1671,5,16,0,,0,0,0,0,0,0
2006,6,17,6,658,700,747,756,NW,265,N515US,229,236,213,-9,-2,DTW,PHX,1671,4,12,0,,0,0,0,0,0,0
2006,11,25,6,1708,1711,1837,1841,UA,203,N816UA,149,150,123,-4,-3,IAH,DEN,861,14,12,0,,0,0,0,0,0,0
2006,11,26,7,1707,1711,1833,1841,UA,203,N829UA,146,150,130,-8,-4,IAH,DEN,861,7,9,0,,0,0,0,0,0,0
2006,11,27,1,1750,1716,1906,1846,UA,203,N837UA,136,150,111,20,34,IAH,DEN,861,8,17,0,,0,20,0,0,0,0
2006,11,28,2,1708,1716,1845,1846,UA,203,N806UA,157,150,115,-1,-8,IAH,DEN,861,33,9,0,,0,0,0,0,0,0
2006,11,29,3,1712,1716,1852,1846,UA,203,N843UA,160,150,145,6,-4,IAH,DEN,861,5,10,0,,0,0,0,0,0,0
2006,11,30,4,1717,1716,1842,1846,UA,203,N813UA,145,150,123,-4,1,IAH,DEN,861,10,12,0,,0,0,0,0,0,0
2006,11,1,3,800,805,1108,1115,UA,204,N836UA,128,130,101,-7,-5,ORD,BOS,867,5,22,0,,0,0,0,0,0,0
2006,11,2,4,759,805,1103,1115,UA,204,N840UA,124,130,106,-12,-6,ORD,BOS,867,4,14,0,,0,0,0,0,0,0
2006,11,3,5,803,805,1112,1115,UA,204,N809UA,129,130,107,-3,-2,ORD,BOS,867,6,16,0,,0,0,0,0,0,0
2006,11,5,7,757,800,1115,1110,UA,204,N850UA,138,130,104,5,-3,ORD,BOS,867,5,29,0,,0,0,0,0,0,0
2006,11,6,1,759,805,1109,1115,UA,204,N823UA,130,130,105,-6,-6,ORD,BOS,867,6,19,0,,0,0,0,0,0,0
2006,11,7,2,801,805,1112,1115,UA,204,N832UA,131,130,104,-3,-4,ORD,BOS,867,6,21,0,,0,0,0,0,0,0
2006,11,8,3,800,805,1118,1115,UA,204,N845UA,138,130,113,3,-5,ORD,BOS,867,4,21,0,,0,0,0,0,0,0
2006,11,9,4,757,805,1108,1115,UA,204,N811UA,131,130,111,-7,-8,ORD,BOS,867,1,19,0,,0,0,0,0,0,0
2006,11,10,5,759,805,1059,1115,UA,204,N429UA,120,130,103,-16,-6,ORD,BOS,867,3,14,0,,0,0,0,0,0,0
2006,11,12,7,757,800,1111,1110,UA,204,N845UA,134,130,108,1,-3,ORD,BOS,867,6,20,0,,0,0,0,0,0,0
2006,11,13,1,806,805,1130,1115,UA,204,N850UA,144,130,113,15,1,ORD,BOS,867,7,24,0,,0,0,0,15,0,0
2006,11,14,2,759,805,1114,1115,UA,204,N844UA,135,130,117,-1,-6,ORD,BOS,867,5,13,0,,0,0,0,0,0,0
2006,11,15,3,800,805,1125,1115,UA,204,N823UA,145,130,106,10,-5,ORD,BOS,867,6,33,0,,0,0,0,0,0,0
2006,11,16,4,802,805,1123,1115,UA,204,N835UA,141,130,115,8,-3,ORD,BOS,867,5,21,0,,0,0,0,0,0,0
2006,11,17,5,813,805,1205,1115,UA,204,N816UA,172,130,108,50,8,ORD,BOS,867,7,57,0,,0,0,0,50,0,0
2006,11,20,1,801,805,1109,1115,UA,204,N831UA,128,130,113,-6,-4,ORD,BOS,867,4,11,0,,0,0,0,0,0,0
2006,11,21,2,802,805,1120,1115,UA,204,N851UA,138,130,117,5,-3,ORD,BOS,867,2,19,0,,0,0,0,0,0,0
2006,11,22,3,757,805,1121,1115,UA,204,N826UA,144,130,114,6,-8,ORD,BOS,867,3,27,0,,0,0,0,0,0,0
2006,11,23,4,801,805,1117,1115,UA,204,N841UA,136,130,121,2,-4,ORD,BOS,867,4,11,0,,0,0,0,0,0,0
2006,11,26,7,803,805,1104,1115,UA,204,N855UA,121,130,103,-11,-2,ORD,BOS,867,5,13,0,,0,0,0,0,0,0
2006,11,27,1,757,805,1102,1117,UA,204,N351UA,125,132,106,-15,-8,ORD,BOS,867,5,14,0,,0,0,0,0,0,0
2006,11,28,2,801,805,1120,1115,UA,204,N817UA,139,130,109,5,-4,ORD,BOS,867,5,25,0,,0,0,0,0,0,0
2006,11,29,3,757,805,1105,1115,UA,204,N850UA,128,130,108,-10,-8,ORD,BOS,867,4,16,0,,0,0,0,0,0,0
2006,11,30,4,807,805,1113,1115,UA,204,N837UA,126,130,103,-2,2,ORD,BOS,867,5,18,0,,0,0,0,0,0,0
2006,11,1,3,1646,1658,1801,1806,UA,205,N823UA,135,128,113,-5,-12,AUS,DEN,775,5,17,0,,0,0,0,0,0,0
2006,11,2,4,1651,1658,1811,1806,UA,205,N821UA,140,128,125,5,-7,AUS,DEN,775,5,10,0,,0,0,0,0,0,0
2006,11,3,5,1654,1658,1803,1806,UA,205,N812UA,129,128,112,-3,-4,AUS,DEN,775,7,10,0,,0,0,0,0,0,0
2006,11,5,7,1656,1658,1806,1806,UA,205,N466UA,130,128,109,0,-2,AUS,DEN,775,11,10,0,,0,0,0,0,0,0
2006,11,23,4,31,30,739,735,DL,560,N6705Y,248,245,219,4,1,LAX,ATL,1946,8,21,0,,0,0,0,0,0,0
2006,11,23,4,1157,1203,1244,1300,DL,561,N932DL,47,57,30,-16,-6,TYS,ATL,152,6,11,0,,0,0,0,0,0,0
2006,11,23,4,1206,1208,1309,1314,DL,562,N690DL,63,66,46,-5,-2,JAX,ATL,270,6,11,0,,0,0,0,0,0,0
2006,11,23,4,1521,1430,1646,1557,DL,562,N128DL,85,87,59,49,51,ATL,CVG,373,5,21,0,,0,45,0,0,0,4
2006,11,23,4,654,700,1430,1429,DL,564,N623DL,276,269,253,1,-6,OAK,ATL,2130,7,16,0,,0,0,0,0,0,0
2006,11,23,4,855,900,1118,1121,DL,569,N991DL,83,81,60,-3,-5,MSY,ATL,425,10,13,0,,0,0,0,0,0,0
2006,11,23,4,827,831,1427,1439,DL,570,N3756,240,248,216,-12,-4,SLC,IAD,1827,8,16,0,,0,0,0,0,0,0
2006,11,23,4,1519,1525,1820,1819,DL,574,N135DL,241,234,200,1,-6,SJU,ATL,1547,27,14,0,,0,0,0,0,0,0
2006,11,23,4,844,850,1051,1043,DL,575,N909DA,187,173,159,8,-6,MSP,SLC,991,5,23,0,,0,0,0,0,0,0
2006,11,23,4,1145,1156,1253,1250,DL,575,N909DA,128,114,103,3,-11,SLC,OAK,588,5,20,0,,0,0,0,0,0,0
2006,11,23,4,1559,1604,1720,1728,DL,576,N992DL,81,84,57,-8,-5,ATL,CVG,373,6,18,0,,0,0,0,0,0,0
2006,11,23,4,1153,1125,1612,1600,DL,579,N129DL,199,215,181,12,28,ATL,SJU,1547,7,11,0,,0,0,0,0,0,0
2006,11,23,4,751,800,1106,1111,DL,580,N988DL,135,131,116,-5,-9,SAT,ATL,874,6,13,0,,0,0,0,0,0,0
2006,11,23,4,1222,1200,1403,1345,DL,580,N988DL,101,105,82,18,22,ATL,IAD,533,9,10,0,,0,18,0,0,0,0
2006,11,23,4,657,700,1145,1146,DL,581,N620DL,168,166,142,-1,-3,COS,ATL,1185,12,14,0,,0,0,0,0,0,0
2006,11,23,4,1233,1236,1401,1415,DL,581,N620DL,88,99,69,-14,-3,ATL,RSW,515,5,14,0,,0,0,0,0,0,0
2006,11,23,4,803,805,925,933,DL,582,N649DL,82,88,63,-8,-2,MCO,ATL,403,7,12,0,,0,0,0,0,0,0
2006,11,23,4,713,715,817,828,DL,583,N3730B,64,73,40,-11,-2,CHS,ATL,259,11,13,0,,0,0,0,0,0,0
2006,11,23,4,956,930,1206,1144,DL,583,N3730B,310,314,271,22,26,ATL,SMF,2092,7,32,0,,0,22,0,0,0,0
2006,11,23,4,1715,1717,1814,1846,DL,587,N631DL,179,209,156,-32,-2,ATL,ABQ,1269,6,17,0,,0,0,0,0,0,0
2006,11,23,4,1305,1311,1432,1443,DL,590,N628DL,87,92,66,-11,-6,TPA,ATL,406,11,10,0,,0,0,0,0,0,0
2006,11,23,4,2051,2050,2233,2237,DL,591,N633DL,102,107,79,-4,1,ATL,FLL,581,4,19,0,,0,0,0,0,0,0
2006,11,23,4,1139,1145,1400,1412,DL,592,N973DL,81,87,66,-12,-6,LIT,ATL,453,7,8,0,,0,0,0,0,0,0
2006,11,23,4,1451,1457,1551,1605,DL,592,N973DL,60,68,42,-14,-6,ATL,CLT,227,3,15,0,,0,0,0,0,0,0
2006,11,23,4,906,910,1439,1503,DL,594,N603DL,213,233,196,-24,-4,PHX,ATL,1587,4,13,0,,0,0,0,0,0,0
2006,11,23,4,1739,1740,2015,2015,DL,598,N903DE,156,155,83,0,-1,JFK,CVG,589,5,68,0,,0,0,0,0,0,0
2006,11,23,4,1312,1312,1452,1510,DL,599,N685DA,100,118,80,-18,0,BWI,ATL,576,6,14,0,,0,0,0,0,0,0
2006,11,23,4,1632,1636,1821,1829,DL,599,N623DL,109,113,85,-8,-4,ATL,MIA,595,9,15,0,,0,0,0,0,0,0
2006,11,23,4,1618,1626,1918,1925,DL,601,N972DL,120,119,102,-7,-8,HOU,ATL,696,8,10,0,,0,0,0,0,0,0
2006,11,23,4,2016,2019,2154,2159,DL,601,N972DL,98,100,81,-5,-3,ATL,PIT,526,6,11,0,,0,0,0,0,0,0
2006,11,23,4,1449,1500,1730,1745,DL,605,N967DL,101,105,70,-15,-11,STL,ATL,483,11,20,0,,0,0,0,0,0,0
2006,11,23,4,1917,1918,2027,2038,DL,606,N37700,70,80,52,-11,-1,ATL,SDF,321,5,13,0,,0,0,0,0,0,0
2006,11,23,4,1333,1259,1543,1531,DL,607,N909DL,130,152,98,12,34,LGA,ATL,761,9,23,0,,0,0,0,0,0,0
2006,11,23,4,1556,1607,1853,1907,DL,609,N993DL,117,120,88,-14,-11,MKE,ATL,669,20,9,0,,0,0,0,0,0,0
2006,11,23,4,1137,1140,1303,1320,DL,610,N946DL,86,100,67,-17,-3,RIC,ATL,481,10,9,0,,0,0,0,0,0,0
2006,11,23,4,1032,1035,1204,1217,DL,614,N6708D,92,102,74,-13,-3,PBI,ATL,545,6,12,0,,0,0,0,0,0,0
2006,11,23,4,1259,1259,1439,1449,DL,619,N928DL,100,110,75,-10,0,DCA,ATL,547,6,19,0,,0,0,0,0,0,0
2006,11,23,4,913,915,1035,1040,DL,622,N394DA,82,85,64,-5,-2,MCO,ATL,403,8,10,0,,0,0,0,0,0,0
2006,11,23,4,1314,1327,1646,1703,DL,625,N901DE,152,156,118,-17,-13,MSP,ATL,906,11,23,0,,0,0,0,0,0,0
2006,11,23,4,742,745,934,941,DL,628,N667DN,112,116,90,-7,-3,CVG,LGA,585,7,15,0,,0,0,0,0,0,0
2006,11,23,4,1447,1446,1646,1643,DL,629,N842MH,299,297,269,3,1,ATL,SFO,2139,6,24,0,,0,0,0,0,0,0
2006,11,23,4,1839,1843,2151,2159,DL,629,N842MH,312,316,291,-8,-4,SFO,HNL,2398,8,13,0,,0,0,0,0,0,0
2006,11,23,4,1459,1505,1639,1701,DL,631,N620DL,100,116,78,-22,-6,RSW,ATL,515,8,14,0,,0,0,0,0,0,0
2006,11,23,4,1,2359,655,708,DL,632,N842MH,294,309,273,-13,2,HNL,SFO,2398,6,15,0,,0,0,0,0,0,0
2006,11,23,4,833,830,1615,1602,DL,632,N842MH,282,272,249,13,3,SFO,ATL,2139,18,15,0,,0,0,0,0,0,0
2006,11,23,4,1857,1900,2059,2144,DL,635,N698DL,122,164,94,-45,-3,LGA,ATL,761,15,13,0,,0,0,0,0,0,0
2006,11,23,4,955,1000,1236,1235,DL,638,N616DL,161,155,128,1,-5,ATL,BOS,946,8,25,0,,0,0,0,0,0,0
2006,11,23,4,1631,1630,1822,1837,DL,639,N664DN,291,307,273,-15,1,ATL,SFO,2139,7,11,0,,0,0,0,0,0,0
2006,11,23,4,1049,1032,1232,1218,DL,641,N626DL,103,106,70,14,17,ATL,RSW,515,7,26,0,,0,0,0,0,0,0
2006,11,23,4,741,745,953,945,DL,642,N3755D,132,120,111,8,-4,CVG,BOS,752,9,12,0,,0,0,0,0,0,0
2006,11,23,4,1328,1335,1527,1600,DL,644,N3735D,119,145,102,-33,-7,BOS,CVG,752,6,11,0,,0,0,0,0,0,0
2006,11,23,4,730,730,920,937,DL,646,N957DL,110,127,92,-17,0,BUF,ATL,712,6,12,0,,0,0,0,0,0,0
2006,11,23,4,1436,1440,1756,1801,DL,647,N931DL,140,141,116,-5,-4,SAT,ATL,874,11,13,0,,0,0,0,0,0,0
2006,11,23,4,1851,1855,NA,2100,DL,647,N955DL,NA,125,NA,NA,-4,ATL,BUF,712,0,19,0,,1,0,0,0,0,0
2006,11,23,4,1236,1240,1556,1558,DL,648,N987DL,140,138,118,-2,-4,SAT,ATL,874,12,10,0,,0,0,0,0,0,0
2006,11,23,4,1636,1643,1810,1812,DL,648,N987DL,94,89,70,-2,-7,ATL,IND,432,7,17,0,,0,0,0,0,0,0
2006,11,23,4,558,600,743,754,DL,651,N955DL,45,54,27,-11,-2,BHM,ATL,134,5,13,0,,0,0,0,0,0,0
2006,11,23,4,839,842,908,920,DL,651,N955DL,89,98,74,-12,-3,ATL,STL,483,3,12,0,,0,0,0,0,0,0
2006,11,23,4,854,900,1139,1150,DL,654,N680DA,165,170,135,-11,-6,FLL,JFK,1069,17,13,0,,0,0,0,0,0,0
2006,11,23,4,1510,1435,1700,1703,DL,655,N900PC,110,148,88,-3,35,PHL,ATL,665,4,18,0,,0,0,0,0,0,0
2006,11,23,4,657,700,904,902,DL,656,N3744D,127,122,107,2,-3,ATL,EWR,745,7,13,0,,0,0,0,0,0,0
2006,11,23,4,1149,1144,1321,1327,DL,662,N933DL,92,103,73,-6,5,IAD,ATL,533,7,12,0,,0,0,0,0,0,0
2006,11,23,4,739,745,949,953,DL,663,N3747D,130,128,94,-4,-6,CVG,MCO,756,6,30,0,,0,0,0,0,0,0
2006,11,23,4,1623,1636,2102,2129,DL,664,N656DL,159,173,141,-27,-13,DEN,ATL,1199,6,12,0,,0,0,0,0,0,0
2006,11,23,4,1239,1251,1355,1417,DL,665,N912DN,76,86,59,-22,-12,DEN,SLC,391,4,13,0,,0,0,0,0,0,0
2006,11,23,4,1505,1513,1559,1603,DL,665,N912DN,114,110,92,-4,-8,SLC,SNA,588,5,17,0,,0,0,0,0,0,0
2006,11,23,4,1324,1325,1410,1426,DL,671,N930DL,46,61,30,-16,-1,GSP,ATL,153,5,11,0,,0,0,0,0,0,0
2006,11,23,4,1521,1519,1517,1530,DL,671,N930DL,56,71,42,-13,2,ATL,PNS,272,4,10,0,,0,0,0,0,0,0
2006,11,23,4,1159,1205,1407,1414,DL,672,N994DL,128,129,110,-7,-6,TPA,CVG,773,6,12,0,,0,0,0,0,0,0
2006,11,23,4,1602,1605,1732,1735,DL,673,N3734B,90,90,68,-3,-3,ATL,CMH,446,3,19,0,,0,0,0,0,0,0
2006,11,23,4,844,845,1207,1144,DL,676,N604DL,263,239,227,23,-1,SJU,JFK,1597,19,17,0,,0,0,0,23,0,0
2006,11,23,4,653,659,902,935,DL,677,N928DL,129,156,100,-33,-6,LGA,ATL,761,4,25,0,,0,0,0,0,0,0
2006,11,23,4,1844,1845,2108,2111,DL,682,N6709,144,146,109,-3,-1,ATL,LGA,761,13,22,0,,0,0,0,0,0,0
2006,11,23,4,1340,1335,1533,1531,DL,684,N956DL,113,116,86,2,5,DTW,ATL,594,7,20,0,,0,0,0,0,0,0
2006,11,23,4,1619,1624,1712,1722,DL,684,N956DL,53,58,34,-10,-5,ATL,TLH,223,4,15,0,,0,0,0,0,0,0
2006,11,23,4,1019,1020,1332,1334,DL,688,N917DE,133,134,114,-2,-1,SAT,ATL,874,5,14,0,,0,0,0,0,0,0
2006,11,23,4,1426,1430,1615,1559,DL,688,N917DE,109,89,83,16,-4,ATL,DCA,547,5,21,0,,0,0,0,16,0,0
2006,11,23,4,1058,1050,1354,1242,DL,690,N3739,176,112,142,72,8,CVG,LGA,585,6,28,0,,0,0,0,72,0,0
2006,11,23,4,915,915,1031,1047,DL,691,N3736C,256,272,242,-16,0,CVG,SAN,1865,3,11,0,,0,0,0,0,0,0
2006,11,23,4,836,800,1041,1039,DL,693,N122DL,125,159,92,2,36,LGA,ATL,761,6,27,0,,0,0,0,0,0,0
2006,11,23,4,1158,1200,1320,1325,DL,693,N122DL,82,85,60,-5,-2,ATL,MCO,403,5,17,0,,0,0,0,0,0,0
2006,11,23,4,630,630,828,830,DL,701,N752AT,118,120,87,-2,0,LGA,CVG,585,6,25,0,,0,0,0,0,0,0
2006,11,23,4,919,925,1032,1036,DL,701,N752AT,253,251,223,-4,-6,CVG,LAS,1678,13,17,0,,0,0,0,0,0,0
2006,11,23,4,721,725,1359,1407,DL,702,N679DA,218,222,201,-8,-4,LAS,CVG,1678,6,11,0,,0,0,0,0,0,0
2006,11,23,4,853,835,1127,1120,DL,705,N6700,334,345,291,7,18,JFK,LAS,2248,4,39,0,,0,0,0,0,0,0
2006,11,23,4,812,815,1546,1559,DL,706,N124DE,274,284,253,-13,-3,SEA,ATL,2182,6,15,0,,0,0,0,0,0,0
2006,11,23,4,1221,1225,1905,1920,DL,707,N1402A,224,235,205,-15,-4,LAS,ATL,1747,9,10,0,,0,0,0,0,0,0
2006,11,23,4,1427,1430,1618,1635,DL,710,N3738B,111,125,82,-17,-3,MIA,ATL,595,14,15,0,,0,0,0,0,0,0
2006,11,23,4,1652,1651,1809,1757,DL,711,N618DL,257,246,225,12,1,CVG,LAS,1678,15,17,0,,0,0,0,0,0,0
2006,11,23,4,857,900,1053,1050,DL,712,N840MH,116,110,80,3,-3,FLL,ATL,581,21,15,0,,0,0,0,0,0,0
2006,11,23,4,1309,1320,1533,1558,DL,715,N383DN,84,98,72,-25,-11,ONT,SLC,558,3,9,0,,0,0,0,0,0,0
2006,11,23,4,956,1000,1115,1132,DL,716,N833MH,79,92,65,-17,-4,TPA,ATL,406,4,10,0,,0,0,0,0,0,0
2006,11,23,4,639,640,803,813,DL,717,N397DA,84,93,66,-10,-1,RDU,CVG,390,5,13,0,,0,0,0,0,0,0
2006,11,23,4,900,900,1059,1052,DL,717,N397DA,299,292,277,7,0,CVG,SEA,1964,6,16,0,,0,0,0,0,0,0
2006,11,23,4,1241,1229,1420,1359,DL,719,N3744D,99,90,68,21,12,ATL,CMH,446,5,26,0,,0,12,0,9,0,0
2006,11,23,4,833,835,1042,1055,DL,721,N750AT,129,140,89,-13,-2,PHL,ATL,665,12,28,0,,0,0,0,0,0,0
2006,11,23,4,1506,1445,1724,1700,DL,722,N969DL,138,135,110,24,21,ATL,LGA,761,6,22,0,,0,0,0,24,0,0
2006,11,23,4,1513,1517,2151,2217,DL,724,N752AT,218,240,201,-26,-4,LAS,ATL,1747,5,12,0,,0,0,0,0,0,0
2006,11,23,4,1727,1730,2001,2042,DL,725,N697DL,334,372,293,-41,-3,JFK,LAS,2248,4,37,0,,0,0,0,0,0,0
2006,11,23,4,820,815,1618,1606,DL,726,N6707A,298,291,276,12,5,LAS,JFK,2248,9,13,0,,0,0,0,0,0,0
2006,11,23,4,656,700,1408,1419,DL,727,N3753,252,259,223,-11,-4,SEA,CVG,1964,5,24,0,,0,0,0,0,0,0
2006,11,23,4,1508,1519,1706,1731,DL,727,N3753,118,132,99,-25,-11,CVG,TPA,773,3,16,0,,0,0,0,0,0,0
2006,11,23,4,1647,1655,1946,2001,DL,728,N605DL,119,126,95,-15,-8,DFW,ATL,732,10,14,0,,0,0,0,0,0,0
2006,11,23,4,2051,2054,2222,2215,DL,728,N605DL,91,81,55,7,-3,ATL,RDU,356,4,32,0,,0,0,0,0,0,0
2006,11,23,4,1459,1500,1730,1756,DL,730,N669DN,151,176,121,-26,-1,BOS,ATL,946,19,11,0,,0,0,0,0,0,0
2006,11,23,4,726,730,1011,1027,DL,731,N665DN,285,297,260,-16,-4,PHL,SLC,1926,6,19,0,,0,0,0,0,0,0
2006,11,23,4,1134,1138,1235,1235,DL,731,N687DL,121,117,99,0,-4,SLC,LAX,590,7,15,0,,0,0,0,0,0,0
2006,11,23,4,2109,2115,2250,2248,DL,732,N945DL,101,93,74,2,-6,ATL,ORF,516,7,20,0,,0,0,0,0,0,0
2006,11,23,4,1930,1930,2110,2118,DL,736,N3744D,100,108,83,-8,0,ATL,DCA,547,3,14,0,,0,0,0,0,0,0
2006,11,23,4,616,600,1330,1312,DL,744,N839MH,254,252,232,18,16,LAX,ATL,1946,7,15,0,,0,16,0,2,0,0
2006,11,23,4,1027,1030,1228,1250,DL,745,N3755D,121,140,101,-22,-3,BOS,CVG,752,5,15,0,,0,0,0,0,0,0
2006,11,23,4,1331,1340,1502,1511,DL,745,N3755D,91,91,62,-9,-9,CVG,ATL,373,17,12,0,,0,0,0,0,0,0
2006,11,23,4,1305,1305,1525,1531,DL,747,N371DA,140,146,122,-6,0,RSW,CVG,879,6,12,0,,0,0,0,0,0,0
2006,11,23,4,602,605,725,725,DL,749,N130DL,83,80,66,0,-3,MCO,ATL,403,6,11,0,,0,0,0,0,0,0
2006,11,23,4,844,843,956,1000,DL,749,N130DL,252,257,230,-4,1,ATL,LAS,1747,9,13,0,,0,0,0,0,0,0
2006,11,23,4,1751,1756,1923,1954,DL,751,N918DL,92,118,70,-31,-5,IAD,ATL,533,8,14,0,,0,0,0,0,0,0
2006,11,23,4,2027,2039,2011,2033,DL,751,N918DL,44,54,28,-22,-12,ATL,HSV,151,4,12,0,,0,0,0,0,0,0
2006,11,23,4,1118,1120,1313,1310,DL,753,N144DA,115,110,87,3,-2,ATL,FLL,581,6,22,0,,0,0,0,0,0,0
2006,11,23,4,927,929,1124,1125,DL,755,N651DL,117,116,83,-1,-2,ATL,FLL,581,8,26,0,,0,0,0,0,0,0
2006,11,23,4,1208,1215,1356,1407,DL,758,N651DL,108,112,81,-11,-7,FLL,ATL,581,14,13,0,,0,0,0,0,0,0
2006,11,23,4,1221,1210,1325,1318,DL,759,N997DL,124,128,93,7,11,ATL,IAH,689,6,25,0,,0,0,0,0,0,0
2006,11,23,4,1608,1600,1706,1715,DL,763,N685DA,118,135,100,-9,8,ATL,DFW,732,4,14,0,,0,0,0,0,0,0
2006,11,23,4,850,900,1123,1152,DL,765,N911DL,153,172,125,-29,-10,BOS,ATL,946,12,16,0,,0,0,0,0,0,0
2006,11,23,4,753,759,923,948,DL,766,N37700,90,109,69,-25,-6,DCA,ATL,547,8,13,0,,0,0,0,0,0,0
2006,11,23,4,1249,1250,1416,1424,DL,771,N968DL,87,94,70,-8,-1,IND,ATL,432,7,10,0,,0,0,0,0,0,0
2006,11,23,4,1508,1509,1605,1614,DL,771,N968DL,117,125,93,-9,-1,ATL,IAH,689,5,19,0,,0,0,0,0,0,0
2006,11,23,4,NA,859,NA,1057,DL,773,N930DL,NA,118,NA,NA,NA,DCA,ATL,547,0,0,1,A,0,0,0,0,0,0
2006,11,23,4,1147,1146,1236,1240,DL,773,N930DL,49,54,32,-4,1,ATL,GSP,153,3,14,0,,0,0,0,0,0,0
2006,11,23,4,901,900,1603,1546,DL,774,N140LL,242,226,215,17,1,LAS,ATL,1747,13,14,0,,0,0,0,17,0,0
2006,11,23,4,2354,2358,743,750,DL,778,N697DL,289,292,256,-7,-4,LAS,JFK,2248,14,19,0,,0,0,0,0,0,0
2006,11,23,4,625,630,1103,1118,DL,780,N609DL,158,168,139,-15,-5,DEN,ATL,1199,6,13,0,,0,0,0,0,0,0
2006,11,23,4,716,720,857,912,DL,783,N992DL,101,112,78,-15,-4,ORF,ATL,516,10,13,0,,0,0,0,0,0,0
2006,11,23,4,1017,1000,1132,1126,DL,783,N992DL,135,146,101,6,17,ATL,DFW,732,6,28,0,,0,0,0,0,0,0
2006,11,23,4,826,830,1014,1019,DL,784,N971DL,108,109,72,-5,-4,PIT,ATL,526,25,11,0,,0,0,0,0,0,0
2006,11,23,4,1107,1108,1223,1229,DL,784,N971DL,76,81,51,-6,-1,ATL,DAB,366,3,22,0,,0,0,0,0,0,0
2006,11,23,4,1542,1550,1720,1746,DL,785,N134DL,98,116,81,-26,-8,FLL,ATL,581,7,10,0,,0,0,0,0,0,0
2006,11,23,4,1850,1851,1958,2014,DL,785,N134DL,248,263,225,-16,-1,ATL,LAS,1747,6,17,0,,0,0,0,0,0,0
2006,11,23,4,1449,1452,1642,1630,DL,786,N908DL,113,98,83,12,-3,ATL,PIT,526,7,23,0,,0,0,0,0,0,0
2006,11,23,4,1838,1845,1956,2015,DL,789,N3766,78,90,58,-19,-7,ATL,CVG,373,5,15,0,,0,0,0,0,0,0
2006,11,23,4,55,100,721,731,DL,792,N611DL,266,271,247,-10,-5,ANC,SLC,2125,5,14,0,,0,0,0,0,0,0
2006,11,23,4,818,829,1331,1400,DL,792,N611DL,193,211,169,-29,-11,SLC,CVG,1449,7,17,0,,0,0,0,0,0,0
2006,11,23,4,1525,1500,1753,1701,DL,792,N611DL,148,121,105,52,25,CVG,LGA,585,12,31,0,,0,0,0,52,0,0
2006,11,23,4,857,900,1033,1048,DL,793,N686DA,216,228,201,-15,-3,CVG,SLC,1449,5,10,0,,0,0,0,0,0,0
2006,11,23,4,1306,1315,1434,1440,DL,795,N971DL,88,85,59,-6,-9,DAB,ATL,366,19,10,0,,0,0,0,0,0,0
2006,11,23,4,1527,1528,1724,1712,DL,795,N971DL,117,104,91,12,-1,ATL,BWI,576,8,18,0,,0,0,0,0,0,0
2006,11,23,4,1209,1215,1920,1931,DL,801,N841MH,251,256,227,-11,-6,LAX,ATL,1946,7,17,0,,0,0,0,0,0,0
2006,11,23,4,1247,1250,1338,1356,DL,839,N969DL,51,66,35,-18,-3,CAE,ATL,191,8,8,0,,0,0,0,0,0,0
2006,11,23,4,1740,1745,2002,2010,DL,842,N607DL,142,145,112,-8,-5,ATL,LGA,761,6,24,0,,0,0,0,0,0,0
2006,11,23,4,1150,1155,1335,1403,DL,843,N924DL,105,128,92,-28,-5,BUF,ATL,712,5,8,0,,0,0,0,0,0,0
2006,11,23,4,1446,1448,1544,1555,DL,843,N924DL,118,127,97,-11,-2,ATL,MCI,692,4,17,0,,0,0,0,0,0,0
2006,11,23,4,727,730,823,835,DL,844,N958DL,56,65,34,-12,-3,SAV,ATL,215,10,12,0,,0,0,0,0,0,0
2006,11,23,4,918,921,1013,1025,DL,844,N958DL,55,64,33,-12,-3,ATL,TLH,223,4,18,0,,0,0,0,0,0,0
2006,11,23,4,643,640,813,833,DL,846,N948DL,90,113,74,-20,3,PIT,ATL,526,6,10,0,,0,0,0,0,0,0
2006,11,23,4,922,924,1021,1026,DL,846,N948DL,59,62,37,-5,-2,ATL,SAV,215,4,18,0,,0,0,0,0,0,0
2006,11,23,4,739,745,843,847,DL,863,N960DL,64,62,40,-4,-6,TLH,ATL,223,13,11,0,,0,0,0,0,0,0
2006,11,23,4,930,934,1049,1053,DL,863,N960DL,79,79,51,-4,-4,ATL,GSO,306,3,25,0,,0,0,0,0,0,0
2006,11,23,4,2308,2310,634,637,DL,867,N376DA,266,267,242,-3,-2,PDX,ATL,2172,9,15,0,,0,0,0,0,0,0
2006,11,23,4,2041,2045,2309,2301,DL,868,N982DL,148,136,125,8,-4,ATL,LGA,761,7,16,0,,0,0,0,0,0,0
2006,11,23,4,1430,1425,1608,1602,DL,885,N839MH,278,277,250,6,5,ATL,LAX,1946,7,21,0,,0,0,0,0,0,0
2006,11,23,4,1754,1805,2155,2142,DL,885,N839MH,361,337,338,13,-11,LAX,HNL,2556,8,15,0,,0,0,0,0,0,0
2006,11,23,4,817,815,1013,1022,DL,891,N642DL,176,187,157,-9,2,SJU,MCO,1189,5,14,0,,0,0,0,0,0,0
2006,11,23,4,1421,1405,1608,1550,DL,899,N692DL,107,105,83,18,16,ATL,FLL,581,6,18,0,,0,16,0,2,0,0
2006,11,23,4,1327,1330,1615,1626,DL,901,N616DL,168,176,121,-11,-3,BOS,ATL,946,33,14,0,,0,0,0,0,0,0
2006,11,23,4,1338,1344,1901,1913,DL,902,N373DA,203,209,179,-12,-6,TUS,ATL,1541,13,11,0,,0,0,0,0,0,0
2006,11,23,4,1339,1345,1558,1612,DL,905,N372DA,199,207,182,-14,-6,ORD,SLC,1249,3,14,0,,0,0,0,0,0,0
2006,11,23,4,1739,1741,1740,1750,DL,907,N3733Z,61,69,37,-10,-2,ATL,BNA,214,6,18,0,,0,0,0,0,0,0
2006,11,23,4,714,715,1019,1010,DL,908,N979DL,125,115,98,9,-1,IAH,ATL,689,16,11,0,,0,0,0,0,0,0
2006,11,23,4,758,800,948,951,DL,917,N144DA,110,111,79,-3,-2,FLL,ATL,581,19,12,0,,0,0,0,0,0,0
2006,11,23,4,1112,1115,1236,1257,DL,917,N630DL,264,282,243,-21,-3,ATL,SAN,1891,3,18,0,,0,0,0,0,0,0
2006,11,23,4,1051,1045,1338,1306,DL,921,N3761R,167,141,118,32,6,ATL,LGA,761,8,41,0,,0,6,0,26,0,0
2006,11,23,4,740,740,1021,1025,DL,922,N687DL,281,285,251,-4,0,MCO,SLC,1929,19,11,0,,0,0,0,0,0,0
2006,11,23,4,1128,1132,1215,1222,DL,922,N665DN,107,110,94,-7,-4,SLC,SAN,626,2,11,0,,0,0,0,0,0,0
2006,11,23,4,826,830,1004,1028,DL,923,N629DL,98,118,80,-24,-4,BWI,ATL,576,7,11,0,,0,0,0,0,0,0
2006,11,23,4,1126,1128,1310,1310,DL,923,N629DL,104,102,78,0,-2,ATL,PBI,545,6,20,0,,0,0,0,0,0,0
2006,11,23,4,1656,1659,1833,1854,DL,925,N917DE,97,115,73,-21,-3,DCA,ATL,547,11,13,0,,0,0,0,0,0,0
2006,11,23,4,653,700,1354,1409,DL,927,N3731T,241,249,218,-15,-7,SAN,CVG,1865,7,16,0,,0,0,0,0,0,0
2006,11,23,4,1506,1510,1628,1635,DL,927,N3731T,82,85,65,-7,-4,CVG,DCA,411,6,11,0,,0,0,0,0,0,0
2006,11,23,4,836,835,1413,1337,DL,929,N655DL,277,242,222,36,1,JFK,SJU,1597,6,49,0,,0,0,0,36,0,0
2006,11,23,4,857,900,1007,1019,DL,930,N977DL,130,139,103,-12,-3,ATL,DFW,732,6,21,0,,0,0,0,0,0,0
2006,11,23,4,1514,1442,1804,1803,DL,932,N655DL,230,261,201,1,32,SJU,JFK,1597,23,6,0,,0,0,0,0,0,0
2006,11,23,4,1114,1115,1506,1500,DL,933,N642DL,172,165,147,6,-1,MCO,SJU,1189,13,12,0,,0,0,0,0,0,0
2006,11,23,4,1601,1605,1758,1813,DL,933,N642DL,177,188,157,-15,-4,SJU,MCO,1189,4,16,0,,0,0,0,0,0,0
2006,11,23,4,614,620,804,838,DL,935,N392DA,110,138,88,-34,-6,PHL,ATL,665,6,16,0,,0,0,0,0,0,0
2006,11,23,4,1634,1500,1913,1723,DL,936,N651DL,159,143,125,110,94,ATL,EWR,745,8,26,0,,0,0,0,110,0,0
2006,11,23,4,1947,1950,2118,2131,DL,937,N144DA,91,101,71,-13,-3,ATL,PBI,545,4,16,0,,0,0,0,0,0,0
2006,11,23,4,1618,1630,1736,1804,DL,938,N3744D,78,94,58,-28,-12,CMH,ATL,446,8,12,0,,0,0,0,0,0,0
2006,11,23,4,1152,1154,1303,1305,DL,942,N939DL,71,71,53,-2,-2,ATL,GSO,306,4,14,0,,0,0,0,0,0,0
2006,11,23,4,756,800,1054,1059,DL,943,N601DL,118,119,94,-5,-4,DFW,ATL,732,12,12,0,,0,0,0,0,0,0
2006,11,23,4,1159,1159,1255,1310,DL,943,N601DL,56,71,42,-15,0,ATL,JAX,270,3,11,0,,0,0,0,0,0,0
2006,11,23,4,1253,1300,1504,1509,DL,944,N978DL,71,69,44,-5,-7,VPS,ATL,264,13,14,0,,0,0,0,0,0,0
2006,11,23,4,1519,1527,1729,1752,DL,946,N946DL,70,85,53,-23,-8,JAN,ATL,341,5,12,0,,0,0,0,0,0,0
2006,11,23,4,2000,1815,2155,2052,DL,948,N651DL,115,157,95,63,105,EWR,ATL,745,8,12,0,,0,63,0,0,0,0
2006,11,23,4,1641,1645,1848,1909,DL,949,N934DL,67,84,51,-21,-4,MEM,ATL,332,6,10,0,,0,0,0,0,0,0
2006,11,23,4,1958,1955,2136,2138,DL,949,N919DE,98,103,77,-2,3,ATL,PHF,508,7,14,0,,0,0,0,0,0,0
2006,11,23,4,1300,1305,1434,1451,DL,950,N663DN,94,106,76,-17,-5,PBI,ATL,545,5,13,0,,0,0,0,0,0,0
2006,11,23,4,1540,1545,1802,1800,DL,950,N698DL,142,135,112,2,-5,ATL,LGA,761,15,15,0,,0,0,0,0,0,0
2006,11,23,4,1253,1258,1441,1457,DL,952,N914DL,48,59,33,-16,-5,BHM,ATL,134,7,8,0,,0,0,0,0,0,0
2006,11,23,4,919,925,1029,1048,DL,953,N3738B,70,83,57,-19,-6,RDU,ATL,356,6,7,0,,0,0,0,0,0,0
2006,11,23,4,1141,1145,1330,1334,DL,953,N3738B,109,109,88,-4,-4,ATL,MIA,595,8,13,0,,0,0,0,0,0,0
2006,11,23,4,1341,1253,1612,1510,DL,956,N381DA,151,137,120,62,48,ATL,BDL,859,7,24,0,,0,48,0,14,0,0
2006,11,23,4,2327,2330,629,632,DL,957,N122DL,242,242,223,-3,-3,LAX,ATL,1946,7,12,0,,0,0,0,0,0,0
2006,11,23,4,958,1000,1132,1118,DL,960,N690DL,94,78,41,14,-2,ATL,JAX,270,5,48,0,,0,0,0,0,0,0
2006,11,23,4,557,600,751,839,DL,961,N693DL,114,159,95,-48,-3,LGA,ATL,761,4,15,0,,0,0,0,0,0,0
2006,11,23,4,728,730,947,941,DL,962,N956DL,79,71,55,6,-2,JAN,ATL,341,12,12,0,,0,0,0,0,0,0
2006,11,23,4,1108,1059,1317,1331,DL,963,N615DL,129,152,97,-14,9,LGA,ATL,761,9,23,0,,0,0,0,0,0,0
2006,11,23,4,1417,1422,1637,1625,DL,963,N615DL,260,243,208,12,-5,ATL,SLC,1589,5,47,0,,0,0,0,0,0,0
2006,11,23,4,1329,1330,1904,1907,DL,966,N845MH,215,217,189,-3,-1,SLC,ATL,1589,7,19,0,,0,0,0,0,0,0
2006,11,23,4,718,719,837,835,DL,967,N3738B,79,76,58,2,-1,ATL,RDU,356,4,17,0,,0,0,0,0,0,0
2006,11,23,4,1809,1816,1937,1952,DL,968,N131DN,88,96,62,-15,-7,TPA,ATL,406,13,13,0,,0,0,0,0,0,0
2006,11,23,4,1154,1205,1915,1946,DL,969,N676DL,261,281,245,-31,-11,SFO,ATL,2139,5,11,0,,0,0,0,0,0,0
2006,11,23,4,1133,1132,1253,1250,DL,970,N617DL,80,78,58,3,1,ATL,RDU,356,5,17,0,,0,0,0,0,0,0
2006,11,23,4,657,700,1342,1347,DL,973,N143DA,225,227,207,-5,-3,LAS,ATL,1747,6,12,0,,0,0,0,0,0,0
2006,11,23,4,1522,1532,1814,1828,DL,976,N913DL,112,116,91,-14,-10,MCI,ATL,692,10,11,0,,0,0,0,0,0,0
2006,11,23,4,642,630,1410,1405,DL,977,N131DN,268,275,247,5,12,SFO,ATL,2139,7,14,0,,0,0,0,0,0,0
2006,11,23,4,602,605,720,722,DL,979,N3757D,78,77,51,-2,-3,RDU,ATL,356,4,23,0,,0,0,0,0,0,0
2006,11,23,4,1259,1300,1321,1325,DL,981,N910DN,82,85,59,-4,-1,SLC,LAS,368,7,16,0,,0,0,0,0,0,0
2006,11,23,4,1717,1715,1940,1944,DL,984,N3749D,143,149,106,-4,2,ATL,EWR,745,10,27,0,,0,0,0,0,0,0
2006,11,23,4,1418,1359,1630,1639,DL,985,N3761R,132,160,98,-9,19,LGA,ATL,761,11,23,0,,0,0,0,0,0,0
2006,11,23,4,1408,1411,1616,1635,DL,987,N910DN,68,84,53,-19,-3,LAS,SLC,368,5,10,0,,0,0,0,0,0,0
2006,11,23,4,634,640,821,817,DL,989,N622DL,107,97,82,4,-6,RSW,ATL,515,10,15,0,,0,0,0,0,0,0
2006,11,23,4,910,910,1106,1127,DL,989,N622DL,236,257,210,-21,0,ATL,PHX,1587,5,21,0,,0,0,0,0,0,0
2006,11,23,4,1307,1311,1558,1545,DL,990,N982DL,171,154,143,13,-4,ATL,BOS,946,9,19,0,,0,0,0,0,0,0
2006,11,23,4,1359,1403,1552,1612,DL,993,N952DL,113,129,90,-20,-4,BUF,ATL,712,7,16,0,,0,0,0,0,0,0
2006,11,23,4,1659,1700,1639,1656,DL,993,N952DL,40,56,26,-17,-1,ATL,BHM,134,3,11,0,,0,0,0,0,0,0
2006,11,23,4,600,600,738,755,DL,994,N664DN,98,115,82,-17,0,MIA,ATL,595,7,9,0,,0,0,0,0,0,0
2006,11,23,4,659,700,1155,1153,DL,998,N673DL,176,173,158,2,-1,ABQ,ATL,1269,7,11,0,,0,0,0,0,0,0
2006,11,23,4,1354,1400,1534,1603,DL,1001,N929DL,100,123,75,-29,-6,DCA,ATL,547,8,17,0,,0,0,0,0,0,0
2006,11,23,4,837,829,958,1000,DL,1002,N3739,81,91,63,-2,8,ATL,CVG,373,6,12,0,,0,0,0,0,0,0
2006,11,23,4,1950,1955,2110,2130,DL,1005,N929DL,80,95,61,-20,-5,MCO,ATL,403,8,11,0,,0,0,0,0,0,0
2006,11,23,4,627,630,1414,1410,DL,1007,N128DL,287,280,252,4,-3,SEA,ATL,2182,8,27,0,,0,0,0,0,0,0
2006,11,23,4,1552,1550,1721,1715,DL,1007,N131DN,89,85,59,6,2,ATL,TPA,406,3,27,0,,0,0,0,0,0,0
2006,11,23,4,1559,1601,1716,1715,DL,1008,N939DL,77,74,50,1,-2,ATL,GSO,306,4,23,0,,0,0,0,0,0,0
2006,11,23,4,1750,1800,2000,2043,DL,1011,N969DL,130,163,95,-43,-10,LGA,ATL,761,12,23,0,,0,0,0,0,0,0
2006,11,23,4,2126,2130,2244,2310,DL,1015,N917DE,78,100,58,-26,-4,ATL,SRQ,445,4,16,0,,0,0,0,0,0,0
2006,11,23,4,2026,2031,2134,2159,DL,1016,N67171,68,88,53,-25,-5,ATL,TPA,406,2,13,0,,0,0,0,0,0,0
2006,11,23,4,618,620,724,728,DL,1017,N133DN,66,68,45,-4,-2,JAX,ATL,270,7,14,0,,0,0,0,0,0,0
2006,11,23,4,831,830,955,1008,DL,1017,N660DL,264,278,243,-13,1,ATL,SAN,1891,5,16,0,,0,0,0,0,0,0
2006,11,23,4,855,900,1608,1619,DL,1020,N138DL,253,259,234,-11,-5,SAN,ATL,1891,8,11,0,,0,0,0,0,0,0
2006,11,23,4,1650,1652,1922,1914,DL,1020,N3769L,152,142,127,8,-2,ATL,BDL,859,7,18,0,,0,0,0,0,0,0
2006,11,23,4,1058,1100,1258,1318,DL,1024,N995DL,120,138,97,-20,-2,EWR,ATL,745,11,12,0,,0,0,0,0,0,0
2006,11,23,4,1421,1424,1532,1555,DL,1024,N995DL,131,151,107,-23,-3,ATL,AUS,813,4,20,0,,0,0,0,0,0,0
2006,11,23,4,657,700,947,1003,DL,1025,N6710E,350,363,322,-16,-3,JFK,LAX,2475,7,21,0,,0,0,0,0,0,0
2006,11,23,4,750,753,932,927,DL,1028,N972DL,162,154,139,5,-3,ATL,MSP,906,6,17,0,,0,0,0,0,0,0
2006,11,23,4,2000,2000,2159,2219,DL,1029,N622DL,299,319,279,-20,0,ATL,SFO,2139,7,13,0,,0,0,0,0,0,0
2006,11,23,4,1012,1015,1330,1344,DL,1031,N972DL,138,149,120,-14,-3,MSP,ATL,906,5,13,0,,0,0,0,0,0,0
2006,11,23,4,1425,1429,1520,1541,DL,1031,N972DL,115,132,94,-21,-4,ATL,HOU,696,9,12,0,,0,0,0,0,0,0
2006,11,23,4,1333,1328,1514,1508,DL,1032,N981DL,101,100,80,6,5,ATL,PIT,526,7,14,0,,0,0,0,0,0,0
2006,11,23,4,741,745,930,931,DL,1033,N910DN,229,226,213,-1,-4,CVG,SLC,1449,6,10,0,,0,0,0,0,0,0
2006,11,23,4,757,800,914,900,DL,1036,N984DL,137,120,90,14,-3,ATL,ORD,606,8,39,0,,0,0,0,0,0,0
2006,11,23,4,1641,1640,1804,1823,DL,1037,N829MH,263,283,243,-19,1,ATL,LAX,1946,5,15,0,,0,0,0,0,0,0
2006,11,23,4,1727,1725,1944,1947,DL,1038,N140LL,317,322,288,-3,2,ATL,SEA,2182,5,24,0,,0,0,0,0,0,0
2006,11,23,4,807,815,939,952,DL,1040,N3745B,92,97,62,-13,-8,CMH,ATL,446,8,22,0,,0,0,0,0,0,0
2006,11,23,4,2234,2245,512,527,DL,1042,N136DL,218,222,200,-15,-11,LAS,ATL,1747,8,10,0,,0,0,0,0,0,0
2006,11,23,4,659,700,845,838,DL,1044,N981DL,106,98,85,7,-1,ATL,IAD,533,6,15,0,,0,0,0,0,0,0
2006,11,23,4,1105,1110,1203,1211,DL,1045,N958DL,58,61,41,-8,-5,TLH,ATL,223,8,9,0,,0,0,0,0,0,0
2006,11,23,4,1136,1138,1435,1442,DL,1046,N3733Z,119,124,94,-7,-2,IAH,ATL,689,11,14,0,,0,0,0,0,0,0
2006,11,23,4,NA,1530,NA,1709,DL,1046,N3733Z,NA,99,NA,NA,NA,ATL,DCA,547,0,0,1,A,0,0,0,0,0,0
2006,11,23,4,1919,1919,2026,2034,DL,1047,N916DL,127,135,98,-8,0,ATL,MCI,692,4,25,0,,0,0,0,0,0,0
2006,11,23,4,653,700,1219,1224,DL,1048,N381DA,206,204,187,-5,-7,TUS,ATL,1541,9,10,0,,0,0,0,0,0,0
2006,11,23,4,934,941,1217,1234,DL,1050,N903DA,103,113,81,-17,-7,SAN,SLC,626,5,17,0,,0,0,0,0,0,0
2006,11,23,4,1311,1320,1432,1425,DL,1050,N903DA,141,125,118,7,-9,SLC,SEA,689,7,16,0,,0,0,0,0,0,0
2006,11,23,4,1303,1300,1420,1424,DL,1051,N833MH,77,84,58,-4,3,ATL,MCO,403,2,17,0,,0,0,0,0,0,0
2006,11,23,4,1721,1700,1921,1939,DL,1052,N67171,120,159,93,-18,21,LGA,ATL,761,8,19,0,,0,0,0,0,0,0
2006,11,23,4,752,745,927,913,DL,1054,N986DL,95,88,76,14,7,ATL,ORF,516,4,15,0,,0,0,0,0,0,0
2006,11,23,4,1009,1010,1303,1315,DL,1056,N675DL,114,125,98,-12,-1,DFW,ATL,732,6,10,0,,0,0,0,0,0,0
2006,11,23,4,1456,1400,1744,1619,DL,1056,N675DL,168,139,116,85,56,ATL,EWR,745,7,45,0,,0,0,0,85,0,0
2006,11,23,4,1744,1745,1912,1918,DL,1058,N640DL,88,93,59,-6,-1,MCO,ATL,403,12,17,0,,0,0,0,0,0,0
2006,11,23,4,657,700,809,813,DL,1059,N976DL,132,133,108,-4,-3,ATL,DFW,732,6,18,0,,0,0,0,0,0,0
2006,11,23,4,1445,1410,1642,1638,DL,1060,N3745B,117,148,95,4,35,EWR,ATL,745,10,12,0,,0,0,0,0,0,0
2006,11,23,4,740,740,927,922,DL,1061,N657DL,107,102,82,5,0,ATL,MIA,595,5,20,0,,0,0,0,0,0,0
2006,11,23,4,1150,1200,1357,1407,DL,1062,N951DL,67,67,49,-10,-10,MOB,ATL,302,9,9,0,,0,0,0,0,0,0
2006,11,23,4,1457,1500,1629,1628,DL,1062,N951DL,92,88,64,1,-3,ATL,DAY,432,7,21,0,,0,0,0,0,0,0
2006,11,23,4,949,950,1135,1135,DL,1064,N934DL,106,105,78,0,-1,ATL,PHF,508,7,21,0,,0,0,0,0,0,0
2006,11,23,4,605,600,738,744,DL,1065,N6703D,93,104,77,-6,5,PBI,ATL,545,6,10,0,,0,0,0,0,0,0
2006,11,23,4,858,858,1003,1013,DL,1065,N6703D,185,195,159,-10,0,ATL,DEN,1199,9,17,0,,0,0,0,0,0,0
2006,11,23,4,959,959,1133,1151,DL,1067,N902DL,94,112,75,-18,0,DCA,ATL,547,3,16,0,,0,0,0,0,0,0
2006,11,23,4,1411,1404,1621,1641,DL,1069,N936DL,130,157,112,-20,7,BDL,ATL,859,6,12,0,,0,0,0,0,0,0
2006,11,23,4,1723,1726,1831,1842,DL,1069,N936DL,68,76,40,-11,-3,ATL,JAX,270,6,22,0,,0,0,0,0,0,0
2006,11,23,4,1553,1555,1651,1713,DL,1071,N374DA,58,78,43,-22,-2,CHS,ATL,259,8,7,0,,0,0,0,0,0,0
2006,11,23,4,1852,1820,2115,2041,DL,1071,N603DL,143,141,105,34,32,ATL,PHL,665,8,30,0,,0,0,0,34,0,0
2006,11,23,4,1710,1712,1802,1815,DL,1072,N6715C,52,63,37,-13,-2,SAV,ATL,215,7,8,0,,0,0,0,0,0,0
2006,11,23,4,1439,1451,1939,2012,DL,1075,N686DA,180,201,163,-33,-12,SLC,CVG,1449,6,11,0,,0,0,0,0,0,0
2006,11,23,4,1433,1440,1542,1603,DL,1077,N976DL,69,83,37,-21,-7,CLT,ATL,227,10,22,0,,0,0,0,0,0,0
2006,11,23,4,915,920,1127,1138,DL,1078,N371DA,132,138,110,-11,-5,CVG,RSW,879,8,14,0,,0,0,0,0,0,0
2006,11,23,4,829,830,1048,1046,DL,1080,N3734B,139,136,119,2,-1,ATL,BDL,859,6,14,0,,0,0,0,0,0,0
2006,11,23,4,1739,1748,1926,1946,DL,1082,N688DL,107,118,78,-20,-9,MIA,ATL,595,15,14,0,,0,0,0,0,0,0
2006,11,23,4,1753,1755,1953,2005,DL,1084,N616DL,300,310,277,-12,-2,ATL,OAK,2130,5,18,0,,0,0,0,0,0,0
2006,11,23,4,1518,1518,1727,1729,DL,1085,N6714Q,309,311,286,-2,0,ATL,PDX,2172,7,16,0,,0,0,0,0,0,0
2006,11,23,4,1618,1625,1738,1801,DL,1087,N919DE,80,96,62,-23,-7,IND,ATL,432,9,9,0,,0,0,0,0,0,0
2006,11,23,4,1859,1900,2131,2142,DL,1088,N620DL,152,162,128,-11,-1,ATL,BOS,946,10,14,0,,0,0,0,0,0,0
2006,11,23,4,1226,1220,1400,1415,DL,1089,N934DL,94,115,78,-15,6,PHF,ATL,508,7,9,0,,0,0,0,0,0,0
2006,11,23,4,1308,1315,1559,1615,DL,1090,N965DL,111,120,92,-16,-7,MCI,ATL,692,7,12,0,,0,0,0,0,0,0
2006,11,23,4,700,700,900,909,DL,1092,N3769L,60,69,40,-9,0,BNA,ATL,214,5,15,0,,0,0,0,0,0,0
2006,11,23,4,654,700,917,958,DL,1093,N628DL,143,178,122,-41,-6,BOS,ATL,946,6,15,0,,0,0,0,0,0,0
2006,11,23,4,1043,1048,1212,1221,DL,1093,N628DL,89,93,56,-9,-5,ATL,TPA,406,4,29,0,,0,0,0,0,0,0
2006,11,23,4,832,805,1000,1003,DL,1095,N959DL,88,118,69,-3,27,IAD,ATL,533,9,10,0,,0,0,0,0,0,0
2006,11,23,4,1026,1035,1147,1200,DL,1097,N826MH,81,85,61,-13,-9,MCO,ATL,403,7,13,0,,0,0,0,0,0,0
2006,11,23,4,1313,1315,1437,1453,DL,1097,N826MH,264,278,242,-16,-2,ATL,LAX,1946,8,14,0,,0,0,0,0,0,0
2006,11,23,4,1715,1715,2102,2046,DL,1097,N826MH,347,331,321,16,0,LAX,OGG,2486,6,20,0,,0,0,0,16,0,0
2006,11,23,4,1509,1500,1712,1746,DL,1103,N649DL,123,166,97,-34,9,LGA,ATL,761,9,17,0,,0,0,0,0,0,0
2006,11,23,4,1835,1836,2001,2021,DL,1103,N649DL,266,285,247,-20,-1,ATL,SNA,1919,6,13,0,,0,0,0,0,0,0
2006,11,23,4,604,610,851,851,DL,1104,N608DA,107,101,82,0,-6,PDX,SLC,630,8,17,0,,0,0,0,0,0,0
2006,11,23,4,1755,1805,2040,2111,DL,1110,N685DA,105,126,90,-31,-10,DFW,ATL,732,5,10,0,,0,0,0,0,0,0
2006,11,23,4,2017,2022,2155,2215,DL,1112,N634DL,278,293,259,-20,-5,ATL,RNO,1993,7,12,0,,0,0,0,0,0,0
2006,11,23,4,556,600,734,753,DL,1115,N641DL,98,113,82,-19,-4,FLL,ATL,581,5,11,0,,0,0,0,0,0,0
2006,11,23,4,842,845,1050,1105,DL,1115,N641DL,308,320,292,-15,-3,ATL,SEA,2182,5,11,0,,0,0,0,0,0,0
2006,11,23,4,1051,1048,1252,1256,DL,1116,N624DL,121,128,98,-4,3,CVG,MCO,756,9,14,0,,0,0,0,0,0,0
2006,11,23,4,816,800,930,920,DL,1117,N675DL,134,140,104,10,16,ATL,DFW,732,5,25,0,,0,0,0,0,0,0
2006,11,23,4,1328,1324,1503,1515,DL,1120,N906DE,95,111,75,-12,4,IAD,ATL,533,8,12,0,,0,0,0,0,0,0
2006,11,23,4,1558,1600,1751,1748,DL,1120,N906DE,113,108,91,3,-2,ATL,FLL,581,7,15,0,,0,0,0,0,0,0
2006,11,23,4,1144,1145,1722,1726,DL,1121,N696DA,218,221,194,-4,-1,SLC,ATL,1589,7,17,0,,0,0,0,0,0,0
2006,11,23,4,1820,1820,1922,1927,DL,1121,N696DA,62,67,45,-5,0,ATL,SAV,215,4,13,0,,0,0,0,0,0,0
2006,11,23,4,1047,1047,1301,1250,DL,1122,N956DL,134,123,114,11,0,ATL,DTW,594,4,16,0,,0,0,0,0,0,0
2006,11,23,4,833,835,1157,1159,DL,1124,N6716C,384,384,340,-2,-2,JFK,SEA,2421,6,38,0,,0,0,0,0,0,0
2006,11,23,4,702,700,924,925,DL,1125,N918DE,82,85,65,-1,2,LIT,ATL,453,8,9,0,,0,0,0,0,0,0
2006,11,23,4,1005,1010,1029,1027,DL,1125,N918DE,84,77,41,2,-5,ATL,VPS,264,6,37,0,,0,0,0,0,0,0
2006,11,23,4,824,830,953,1003,DL,1127,N901DE,89,93,70,-10,-6,SRQ,ATL,445,11,8,0,,0,0,0,0,0,0
2006,11,23,4,1620,1624,1824,1822,DL,1128,N916DL,64,58,28,2,-4,BHM,ATL,134,18,18,0,,0,0,0,0,0,0
2006,11,23,4,924,925,1053,1101,DL,1129,N842MH,89,96,58,-8,-1,ATL,MCO,403,7,24,0,,0,0,0,0,0,0
2006,11,23,4,1026,1029,1223,1240,DL,1133,N667DN,117,131,84,-17,-3,LGA,CVG,585,7,26,0,,0,0,0,0,0,0
2006,11,23,4,836,830,1212,1200,DL,1134,N910DL,156,150,116,12,6,MSP,ATL,906,7,33,0,,0,0,0,0,0,0
2006,11,23,4,1253,1245,1422,1413,DL,1134,N910DL,89,88,74,9,8,ATL,RIC,481,4,11,0,,0,0,0,0,0,0
2006,11,23,4,1013,1015,1154,1205,DL,1135,N657DL,101,110,81,-11,-2,MIA,ATL,595,6,14,0,,0,0,0,0,0,0
2006,11,23,4,1303,1303,1444,1510,DL,1135,N657DL,221,247,197,-26,0,ATL,PHX,1587,6,18,0,,0,0,0,0,0,0
2006,11,23,4,1331,1338,1605,1620,DL,1136,N909DA,94,102,79,-15,-7,OAK,SLC,588,5,10,0,,0,0,0,0,0,0
2006,11,23,4,1307,1308,1459,1454,DL,1139,N626DL,112,106,79,5,-1,RSW,ATL,515,11,22,0,,0,0,0,0,0,0
2006,11,23,4,1633,1630,1810,1835,DL,1139,N626DL,217,245,202,-25,3,ATL,PHX,1587,3,12,0,,0,0,0,0,0,0
2006,11,23,4,846,830,1120,1100,DL,1140,N3732J,154,150,131,20,16,ATL,BOS,946,9,14,0,,0,16,0,4,0,0
2006,11,23,4,1322,1325,1557,1609,DL,1142,N6704Z,95,104,78,-12,-3,PDX,SLC,630,5,12,0,,0,0,0,0,0,0
2006,11,23,4,729,730,841,855,DL,1143,N833MH,72,85,56,-14,-1,ATL,TPA,406,3,13,0,,0,0,0,0,0,0
2006,11,23,4,1210,1210,1330,1335,DL,1144,N825MH,80,85,61,-5,0,ATL,TPA,406,3,16,0,,0,0,0,0,0,0
2006,11,23,4,1652,1654,1812,1817,DL,1145,N3755D,80,83,57,-5,-2,ATL,RDU,356,4,19,0,,0,0,0,0,0,0
2006,11,23,4,1417,1430,1719,1745,DL,1146,N996DL,122,135,101,-26,-13,OMA,ATL,821,7,14,0,,0,0,0,0,0,0
2006,11,23,4,1226,1212,1340,1344,DL,1147,N996DL,134,152,108,-4,14,ATL,OMA,821,5,21,0,,0,0,0,0,0,0
2006,11,23,4,723,730,857,910,DL,1148,N904DA,94,100,71,-13,-7,PHX,SLC,507,5,18,0,,0,0,0,0,0,0
2006,11,23,4,954,955,1350,1359,DL,1148,N904DA,176,184,144,-9,-1,SLC,ORD,1249,9,23,0,,0,0,0,0,0,0
2006,11,23,4,1751,1800,2139,2202,DL,1150,N638DL,408,422,339,-23,-9,JFK,SFO,2586,4,65,0,,0,0,0,0,0,0
2006,11,23,4,747,750,951,959,DL,1152,N3735D,124,129,111,-8,-3,TPA,CVG,773,5,8,0,,0,0,0,0,0,0
2006,11,23,4,1501,1500,1738,1740,DL,1154,N917DL,157,160,133,-2,1,ATL,BOS,946,10,14,0,,0,0,0,0,0,0
2006,11,23,4,1022,1024,1044,1050,DL,1155,N974DL,82,86,49,-6,-2,ATL,GPT,352,5,28,0,,0,0,0,0,0,0
2006,11,23,4,1050,1057,1357,1406,DL,1156,N908DL,127,129,110,-9,-7,AUS,ATL,813,8,9,0,,0,0,0,0,0,0
2006,11,23,4,658,700,743,802,DL,1158,N908DL,45,62,28,-19,-2,GSP,ATL,153,8,9,0,,0,0,0,0,0,0
2006,11,23,4,857,849,958,1012,DL,1158,N908DL,121,143,105,-14,8,ATL,AUS,813,4,12,0,,0,0,0,0,0,0
2006,11,23,4,1458,1513,1629,1706,DL,1159,N986DL,91,113,71,-37,-15,ORF,ATL,516,7,13,0,,0,0,0,0,0,0
2006,11,23,4,1752,1755,1923,1938,DL,1159,N986DL,151,163,131,-15,-3,ATL,MSP,906,6,14,0,,0,0,0,0,0,0
2006,11,23,4,1515,1520,1749,1806,DL,1162,N915DN,94,106,75,-17,-5,LAX,SLC,590,4,15,0,,0,0,0,0,0,0
2006,11,23,4,558,600,822,832,DL,1166,N933DL,84,92,67,-10,-2,STL,ATL,483,6,11,0,,0,0,0,0,0,0
2006,11,23,4,917,917,1113,1059,DL,1166,N933DL,116,102,89,14,0,ATL,IAD,533,7,20,0,,0,0,0,0,0,0
2006,11,23,4,926,930,1123,1117,DL,1168,N907DE,117,107,88,6,-4,ATL,DCA,547,5,24,0,,0,0,0,0,0,0
2006,11,23,4,1303,1222,1413,1340,DL,1169,N959DL,70,78,52,33,41,SDF,ATL,321,6,12,0,,0,0,0,0,0,33
2006,11,23,4,1433,1425,1442,1442,DL,1169,N946DL,69,77,49,0,8,ATL,JAN,341,5,15,0,,0,0,0,0,0,0
2006,11,23,4,1623,1530,1916,1831,DL,1170,N960DL,113,121,79,45,53,ORD,ATL,606,12,22,0,,0,0,0,0,0,45
2006,11,23,4,1639,1640,1850,1905,DL,1171,N612DL,131,145,90,-15,-1,PHL,ATL,665,25,16,0,,0,0,0,0,0,0
2006,11,23,4,1954,1955,2142,2145,DL,1171,N660DL,108,110,84,-3,-1,ATL,MIA,595,7,17,0,,0,0,0,0,0,0
2006,11,23,4,1138,1135,1400,1401,DL,1174,N974DL,82,86,57,-1,3,GPT,ATL,352,18,7,0,,0,0,0,0,0,0
2006,11,23,4,2054,2043,2111,2123,DL,1175,N931DL,77,100,56,-12,11,ATL,MSY,425,6,15,0,,0,0,0,0,0,0
2006,11,23,4,1914,1917,1915,1930,DL,1178,N988DL,61,73,47,-15,-3,ATL,MOB,302,3,11,0,,0,0,0,0,0,0
2006,11,23,4,958,1000,1132,1114,DL,1182,N943DL,94,74,54,18,-2,ATL,FAY,331,8,32,0,,0,0,0,18,0,0
2006,11,23,4,1200,1159,1306,1321,DL,1183,N943DL,66,82,53,-15,1,FAY,ATL,331,5,8,0,,0,0,0,0,0,0
2006,11,23,4,1026,1030,1222,1217,DL,1184,N928DL,116,107,83,5,-4,ATL,DCA,547,4,29,0,,0,0,0,0,0,0
2006,11,23,4,2028,2030,2208,2222,DL,1187,N900PC,280,292,248,-14,-2,ATL,LAX,1946,15,17,0,,0,0,0,0,0,0
2006,11,23,4,703,710,1440,1421,DL,1188,N844MH,277,251,241,19,-7,LAX,ATL,1946,14,22,0,,0,0,0,19,0,0
2006,11,23,4,1853,1855,1945,2013,DL,1189,N981DL,112,138,94,-28,-2,ATL,HOU,696,8,10,0,,0,0,0,0,0,0
2006,11,23,4,1649,1659,1944,2002,DL,1190,N968DL,115,123,91,-18,-10,IAH,ATL,689,11,13,0,,0,0,0,0,0,0
2006,11,23,4,838,831,938,940,DL,1192,N126DL,60,69,42,-2,7,ATL,JAX,270,4,14,0,,0,0,0,0,0,0
2006,11,23,4,1102,1100,1231,1247,DL,1193,N935DL,89,107,72,-16,2,DCA,ATL,547,6,11,0,,0,0,0,0,0,0
2006,11,23,4,1333,1338,1432,1447,DL,1193,N913DL,119,129,98,-15,-5,ATL,MCI,692,4,17,0,,0,0,0,0,0,0
2006,11,23,4,1516,1523,1736,1753,DL,1196,N918DE,80,90,63,-17,-7,MSY,ATL,425,7,10,0,,0,0,0,0,0,0
2006,11,23,4,1852,1855,2040,2039,DL,1196,N918DE,108,104,81,1,-3,ATL,PIT,526,5,22,0,,0,0,0,0,0,0
2006,11,23,4,1317,1330,1448,1517,DL,1197,N998DL,91,107,70,-29,-13,RIC,ATL,481,13,8,0,,0,0,0,0,0,0
2006,11,23,4,1901,1606,2021,1735,DL,1197,N946DL,80,89,59,166,175,ATL,MLB,443,4,17,0,,0,166,0,0,0,0
2006,11,23,4,1928,1934,2148,2201,DL,1199,N376DA,320,327,295,-13,-6,ATL,PDX,2172,7,18,0,,0,0,0,0,0,0
2006,11,23,4,657,700,921,932,DL,1202,N932DL,84,92,65,-11,-3,STL,ATL,483,8,11,0,,0,0,0,0,0,0
2006,11,23,4,1013,1017,1108,1118,DL,1202,N932DL,55,61,30,-10,-4,ATL,TYS,152,4,21,0,,0,0,0,0,0,0
2006,11,23,4,744,745,839,845,DL,1203,N907DE,55,60,33,-6,-1,TYS,ATL,152,5,17,0,,0,0,0,0,0,0
2006,11,23,4,930,930,1033,1053,DL,1203,N3733Z,123,143,92,-20,0,ATL,IAH,689,7,24,0,,0,0,0,0,0,0
2006,11,23,4,603,610,810,817,DL,1205,N924DL,67,67,49,-7,-7,MEM,ATL,332,7,11,0,,0,0,0,0,0,0
2006,11,23,4,859,902,1058,1110,DL,1205,N924DL,119,128,98,-12,-3,ATL,BUF,712,6,15,0,,0,0,0,0,0,0
2006,11,23,4,1332,1331,1516,1510,DL,1206,N650DL,104,99,75,6,1,ATL,PBI,545,5,24,0,,0,0,0,0,0,0
2006,11,23,4,734,740,911,931,DL,1209,N920DE,97,111,68,-20,-6,PIT,ATL,526,12,17,0,,0,0,0,0,0,0
2006,11,23,4,1012,1017,1035,1035,DL,1209,N920DE,83,78,43,0,-5,ATL,PNS,272,4,36,0,,0,0,0,0,0,0
2006,11,23,4,615,610,748,800,DL,1210,N944DL,93,110,75,-12,5,BWI,ATL,576,4,14,0,,0,0,0,0,0,0
2006,11,23,4,605,605,703,714,DL,1211,N935DL,58,69,38,-11,0,CLT,ATL,227,6,14,0,,0,0,0,0,0,0
2006,11,23,4,803,804,924,935,DL,1211,N917DE,141,151,118,-11,-1,ATL,SAT,874,4,19,0,,0,0,0,0,0,0
2006,11,23,4,2247,2300,547,559,DL,1212,N826MH,300,299,275,-12,-13,OGG,LAX,2486,16,9,0,,0,0,0,0,0,0
2006,11,23,4,707,710,1425,1421,DL,1212,N826MH,258,251,227,4,-3,LAX,ATL,1946,5,26,0,,0,0,0,0,0,0
2006,11,23,4,556,600,740,734,DL,1213,N970DL,104,94,69,6,-4,DAY,ATL,432,7,28,0,,0,0,0,0,0,0
2006,11,23,4,832,834,936,938,DL,1213,N970DL,64,64,43,-2,-2,ATL,CHS,259,7,14,0,,0,0,0,0,0,0
2006,11,23,4,1303,1315,1546,1605,DL,1215,N665DN,103,110,84,-19,-12,SAN,SLC,626,5,14,0,,0,0,0,0,0,0
2006,11,23,4,552,600,843,902,DL,1216,N3759,111,122,89,-19,-8,MCI,ATL,692,10,12,0,,0,0,0,0,0,0
2006,11,23,4,1836,1837,1944,1950,DL,1217,N644DL,68,73,41,-6,-1,ATL,JAX,270,5,22,0,,0,0,0,0,0,0
2006,11,23,4,1136,1137,1338,1409,DL,1219,N3734B,122,152,108,-31,-1,BDL,ATL,859,5,9,0,,0,0,0,0,0,0
2006,11,23,4,1557,1600,1843,1841,DL,1220,N663DN,166,161,130,2,-3,ATL,BOS,946,10,26,0,,0,0,0,0,0,0
2006,11,23,4,556,600,802,807,DL,1222,N949DL,66,67,39,-5,-4,BNA,ATL,214,7,20,0,,0,0,0,0,0,0
2006,11,23,4,854,855,1014,1023,DL,1222,N949DL,80,88,62,-9,-1,ATL,SRQ,445,5,13,0,,0,0,0,0,0,0
2006,11,23,4,1528,1517,1729,1719,DL,1225,N911DL,121,122,89,10,11,DTW,ATL,594,11,21,0,,0,0,0,0,0,0
2006,11,23,4,1808,1804,1930,1944,DL,1225,N911DL,142,160,118,-14,4,ATL,SAT,874,5,19,0,,0,0,0,0,0,0
2006,11,23,4,1046,1035,1203,1200,DL,1228,N926DL,137,145,109,3,11,ATL,AUS,813,6,22,0,,0,0,0,0,0,0
2006,11,23,4,624,630,807,821,DL,1229,N923DL,103,111,76,-14,-6,CLE,ATL,554,11,16,0,,0,0,0,0,0,0
2006,11,23,4,1459,1510,2025,2055,DL,1230,N609DL,206,225,183,-30,-11,SLC,ATL,1589,10,13,0,,0,0,0,0,0,0
2006,11,23,4,559,600,911,916,DL,1232,N919DE,132,136,115,-5,-1,SAT,ATL,874,7,10,0,,0,0,0,0,0,0
2006,11,23,4,1005,1004,1127,1120,DL,1232,N919DE,82,76,43,7,1,ATL,CLT,227,3,36,0,,0,0,0,0,0,0
2006,11,23,4,1231,1225,1404,1415,DL,1233,N985DL,93,110,72,-11,6,CAK,ATL,528,7,14,0,,0,0,0,0,0,0
2006,11,23,4,1247,1226,1412,1405,DL,1234,N906DA,85,99,67,7,21,PHX,SLC,507,4,14,0,,0,0,0,0,0,0
2006,11,23,4,1631,1632,1701,1706,DL,1235,N919DL,90,94,63,-5,-1,ATL,LIT,453,12,15,0,,0,0,0,0,0,0
2006,11,23,4,627,630,843,840,DL,1236,N919DL,76,70,47,3,-3,PNS,ATL,272,14,15,0,,0,0,0,0,0,0
2006,11,23,4,714,715,833,844,DL,1237,N690DL,79,89,56,-11,-1,RDU,ATL,356,5,18,0,,0,0,0,0,0,0
2006,11,23,4,951,948,1211,1211,DL,1237,N610DL,320,323,291,0,3,ATL,PDX,2172,9,20,0,,0,0,0,0,0,0
2006,11,23,4,1106,950,1354,1243,DL,1242,N984DL,108,113,84,71,76,ORD,ATL,606,9,15,0,,0,63,0,0,0,8
2006,11,23,4,1706,1708,1858,1902,DL,1243,N6706Q,112,114,86,-4,-2,ATL,FLL,581,7,19,0,,0,0,0,0,0,0
2006,11,23,4,1447,1453,1540,1559,DL,1246,N659DL,53,66,35,-19,-6,SAV,ATL,215,10,8,0,,0,0,0,0,0,0
2006,11,23,4,1656,1659,1814,1840,DL,1246,N659DL,258,281,241,-26,-3,ATL,ONT,1900,5,12,0,,0,0,0,0,0,0
2006,11,23,4,625,630,724,727,DL,1248,N637DL,59,57,36,-3,-5,SAV,ATL,215,13,10,0,,0,0,0,0,0,0
2006,11,23,4,1215,1151,1413,1407,DL,1249,N917DL,118,136,93,6,24,PHL,ATL,665,13,12,0,,0,0,0,0,0,0
2006,11,23,4,1043,1050,1200,1212,DL,1250,N944DL,77,82,54,-12,-7,RDU,ATL,356,10,13,0,,0,0,0,0,0,0
2006,11,23,4,1255,1257,1241,1247,DL,1250,N944DL,46,50,27,-6,-2,ATL,HSV,151,4,15,0,,0,0,0,0,0,0
2006,11,23,4,1419,1422,1545,1550,DL,1251,N139DL,86,88,59,-5,-3,ATL,MCO,403,8,19,0,,0,0,0,0,0,0
2006,11,23,4,1625,1633,1851,1903,DL,1252,N3765,86,90,65,-12,-8,MSY,ATL,425,14,7,0,,0,0,0,0,0,0
2006,11,23,4,1947,1950,2113,2125,DL,1252,N930DL,86,95,66,-12,-3,ATL,DAY,432,7,13,0,,0,0,0,0,0,0
2006,11,23,4,1503,1510,1610,1643,DL,1253,N958DL,67,93,50,-33,-7,RDU,ATL,356,10,7,0,,0,0,0,0,0,0
2006,11,23,4,1822,1822,2017,2030,DL,1253,N654DL,295,308,275,-13,0,ATL,SJC,2116,5,15,0,,0,0,0,0,0,0
2006,11,23,4,649,700,1426,1428,DL,1254,N699DL,277,268,250,-2,-11,SJC,ATL,2116,10,17,0,,0,0,0,0,0,0
2006,11,23,4,838,845,1130,1139,DL,1257,N990DL,112,114,80,-9,-7,ORD,ATL,606,15,17,0,,0,0,0,0,0,0
2006,11,23,4,1226,1226,1332,1332,DL,1257,N990DL,66,66,45,0,0,ATL,CHS,259,6,15,0,,0,0,0,0,0,0
2006,11,23,4,659,700,755,809,DL,1258,N917DL,56,69,33,-14,-1,CAE,ATL,191,11,12,0,,0,0,0,0,0,0
2006,11,23,4,900,900,1136,1106,DL,1258,N917DL,156,126,125,30,0,ATL,PHL,665,9,22,0,,0,0,0,30,0,0
2006,11,23,4,1206,1159,1336,1348,DL,1259,N907DE,90,109,72,-12,7,DCA,ATL,547,4,14,0,,0,0,0,0,0,0
2006,11,23,4,1432,1434,1443,1446,DL,1259,N907DE,71,72,53,-3,-2,ATL,MEM,332,3,15,0,,0,0,0,0,0,0
2006,11,23,4,1942,1945,2207,2216,DL,1260,N139DL,145,151,107,-9,-3,ATL,LGA,761,13,25,0,,0,0,0,0,0,0
2006,11,23,4,708,715,959,1012,DL,1261,N373DA,111,117,78,-13,-7,ORD,ATL,606,15,18,0,,0,0,0,0,0,0
2006,11,23,4,1139,1057,1308,1259,DL,1261,N373DA,209,242,192,9,42,ATL,TUS,1541,5,12,0,,0,0,0,0,0,0
2006,11,23,4,713,715,848,851,DL,1262,N6712B,95,96,67,-3,-2,CVG,ATL,373,6,22,0,,0,0,0,0,0,0
2006,11,23,4,610,615,902,917,DL,1265,N668DN,112,122,81,-15,-5,SAN,SLC,626,7,24,0,,0,0,0,0,0,0
2006,11,23,4,1004,1011,1617,1631,DL,1265,N668DN,253,260,230,-14,-7,SLC,MCO,1929,8,15,0,,0,0,0,0,0,0
2006,11,23,4,1448,1450,1625,1628,DL,1266,N906DA,97,98,77,-3,-2,SLC,PHX,507,5,15,0,,0,0,0,0,0,0
2006,11,23,4,1643,1646,1759,1811,DL,1267,N690DL,76,85,54,-12,-3,RDU,ATL,356,8,14,0,,0,0,0,0,0,0
2006,11,23,4,1106,1110,1234,1243,DL,1268,N945DL,88,93,63,-9,-4,DCA,CVG,411,5,20,0,,0,0,0,0,0,0
2006,11,23,4,1325,1328,1409,1425,DL,1268,N945DL,164,177,147,-16,-3,CVG,DEN,1069,6,11,0,,0,0,0,0,0,0
2006,11,23,4,910,900,1123,1132,DL,1270,N3764D,133,152,112,-9,10,BDL,ATL,859,10,11,0,,0,0,0,0,0,0
2006,11,23,4,1446,1450,1546,1605,DL,1271,N605DL,120,135,103,-19,-4,ATL,DFW,732,3,14,0,,0,0,0,0,0,0
2006,11,23,4,1307,1316,1540,1600,DL,1272,N914DN,93,104,78,-20,-9,SNA,SLC,588,6,9,0,,0,0,0,0,0,0
2006,11,23,4,1720,1735,2031,2116,DL,1272,N910DN,131,161,112,-45,-15,SLC,MSP,991,6,13,0,,0,0,0,0,0,0
2006,11,23,4,1126,1044,1604,1530,DL,1273,N836MH,578,586,553,34,42,ATL,HNL,4502,8,17,0,,0,34,0,0,0,0
2006,11,23,4,947,947,1200,1230,DL,1275,N3744D,133,163,95,-30,0,EWR,ATL,745,5,33,0,,0,0,0,0,0,0
2006,11,23,4,801,800,914,922,DL,1278,N953DL,73,82,58,-8,1,DAB,ATL,366,5,10,0,,0,0,0,0,0,0
2006,11,23,4,1009,1010,1007,1009,DL,1278,N953DL,58,59,35,-2,-1,ATL,BHM,134,2,21,0,,0,0,0,0,0,0
2006,11,23,4,1952,1955,2101,2124,DL,1279,N669DN,249,269,225,-23,-3,ATL,LAS,1747,6,18,0,,0,0,0,0,0,0
2006,11,23,4,1253,1300,1552,1607,DL,1280,N3749D,119,127,84,-15,-7,ORD,ATL,606,17,18,0,,0,0,0,0,0,0
2006,11,23,4,1534,1542,1709,1745,DL,1281,N3768,95,123,75,-36,-8,BWI,ATL,576,8,12,0,,0,0,0,0,0,0
2006,11,23,4,1725,1730,651,714,DL,1282,N831MH,506,524,484,-23,-5,HNL,ATL,4502,7,15,0,,0,0,0,0,0,0
2006,11,23,4,1434,1432,1555,1554,DL,1283,N689DL,81,82,60,1,2,ATL,TPA,406,7,14,0,,0,0,0,0,0,0
2006,11,23,4,1735,1740,1854,1901,DL,1284,N989DL,79,81,55,-7,-5,SDF,ATL,321,10,14,0,,0,0,0,0,0,0
2006,11,23,4,803,800,1041,1047,DL,1285,N900PC,218,227,202,-6,3,SJU,ATL,1547,5,11,0,,0,0,0,0,0,0
2006,11,23,4,1207,1208,1404,1409,DL,1285,N609DL,237,241,214,-5,-1,ATL,SLC,1589,4,19,0,,0,0,0,0,0,0
2006,11,23,4,1254,1301,2024,2041,DL,1288,N610DL,270,280,245,-17,-7,PDX,ATL,2172,10,15,0,,0,0,0,0,0,0
2006,11,23,4,1342,1350,1452,1511,DL,1289,N939DL,70,81,49,-19,-8,GSO,ATL,306,12,9,0,,0,0,0,0,0,0
2006,11,23,4,1531,1535,1706,1718,DL,1290,N955DL,95,103,80,-12,-4,SRQ,ATL,445,6,9,0,,0,0,0,0,0,0
2006,11,23,4,1806,1805,1818,1830,DL,1290,N914DL,72,85,51,-12,1,ATL,MEM,332,6,15,0,,0,0,0,0,0,0
2006,11,23,4,1815,1814,1925,1936,DL,1296,N3745B,70,82,51,-11,1,ATL,SDF,321,5,14,0,,0,0,0,0,0,0
2006,11,23,4,1044,1045,1253,1250,DL,1298,N3735D,129,125,114,3,-1,CVG,BOS,752,7,8,0,,0,0,0,0,0,0
2006,11,23,4,1459,1459,1643,1659,DL,1400,N957DL,104,120,73,-16,0,DCA,ATL,547,7,24,0,,0,0,0,0,0,0
2006,11,23,4,2024,1845,2211,2031,DL,1401,N960DL,107,106,85,100,99,ATL,IAD,533,8,14,0,,0,99,0,1,0,0
2006,11,23,4,1101,1112,1305,1318,DL,1402,N918DE,64,66,46,-13,-11,VPS,ATL,264,5,13,0,,0,0,0,0,0,0
2006,11,23,4,1238,1230,1418,1359,DL,1403,N957DL,100,89,83,19,8,ATL,DCA,547,5,12,0,,0,8,0,11,0,0
2006,11,23,4,1305,1315,1525,1548,DL,1404,N694DA,80,93,66,-23,-10,SMF,SLC,532,5,9,0,,0,0,0,0,0,0
2006,11,23,4,857,815,1139,1114,DL,1405,N978DL,102,119,86,25,42,MKE,ATL,669,8,8,0,,0,25,0,0,0,0
2006,11,23,4,1221,1204,1224,1215,DL,1405,N978DL,63,71,37,9,17,ATL,VPS,264,7,19,0,,0,0,0,0,0,0
2006,11,23,4,1631,1632,1754,1800,DL,1407,N985DL,83,88,65,-6,-1,ATL,DAY,432,5,13,0,,0,0,0,0,0,0
2006,11,23,4,1852,1857,1955,2012,DL,1409,N978DL,123,135,105,-17,-5,ATL,ICT,781,5,13,0,,0,0,0,0,0,0
2006,11,23,4,602,600,709,709,DL,1410,N995DL,67,69,42,0,2,CHS,ATL,259,6,19,0,,0,0,0,0,0,0
2006,11,23,4,758,800,1018,1008,DL,1410,N995DL,140,128,115,10,-2,ATL,EWR,745,12,13,0,,0,0,0,0,0,0
2006,11,23,4,740,740,845,855,DL,1411,N918DL,65,75,49,-10,0,GSO,ATL,306,6,10,0,,0,0,0,0,0,0
2006,11,23,4,954,957,1039,1045,DL,1411,N918DL,105,108,76,-6,-3,ATL,STL,483,6,23,0,,0,0,0,0,0,0
2006,11,23,4,1813,1725,2123,2050,DL,1412,N3750D,310,325,264,33,48,JFK,SLC,1989,4,42,0,,0,0,0,0,0,33
2006,11,23,4,2142,2118,2235,2216,DL,1412,N3747D,113,118,97,19,24,SLC,PDX,630,5,11,0,,0,19,0,0,0,0
2006,11,23,4,955,958,1153,1154,DL,1413,N6712B,118,116,89,-1,-3,ATL,MIA,595,6,23,0,,0,0,0,0,0,0
2006,11,23,4,1458,1510,1949,2010,DL,1414,N945DL,171,180,149,-21,-12,DEN,ATL,1199,7,15,0,,0,0,0,0,0,0
2006,11,23,4,727,730,831,833,DL,1415,N617DL,64,63,42,-2,-3,ATL,JAX,270,5,17,0,,0,0,0,0,0,0
2006,11,23,4,825,830,918,931,DL,1416,N6709,53,61,40,-13,-5,SAV,ATL,215,4,9,0,,0,0,0,0,0,0
2006,11,23,4,1036,1025,1144,1149,DL,1416,N6709,188,204,159,-5,11,ATL,DEN,1199,6,23,0,,0,0,0,0,0,0
2006,11,23,4,836,845,1123,1122,DL,1417,N980DL,167,157,143,1,-9,TPA,JFK,1005,11,13,0,,0,0,0,0,0,0
2006,11,23,4,623,630,848,909,DL,1418,N6704Z,85,99,68,-21,-7,SMF,SLC,532,5,12,0,,0,0,0,0,0,0
2006,11,23,4,1051,925,1236,1107,DL,1421,N981DL,105,102,72,89,86,IAD,ATL,533,9,24,0,,0,79,0,3,0,7
2006,11,23,4,1227,1155,1236,1205,DL,1421,N904DL,69,70,46,31,32,ATL,PNS,272,6,17,0,,0,31,0,0,0,0
2006,11,23,4,757,800,1023,1024,DL,1422,N989DL,86,84,64,-1,-3,MSY,ATL,425,9,13,0,,0,0,0,0,0,0
2006,11,23,4,1123,1113,1351,1325,DL,1422,N3745B,148,132,111,26,10,ATL,EWR,745,7,30,0,,0,10,0,16,0,0
2006,11,23,4,604,600,741,754,DL,1423,N927DA,97,114,76,-13,4,PHF,ATL,508,6,15,0,,0,0,0,0,0,0
2006,11,23,4,1000,839,1017,845,DL,1423,N927DA,77,66,43,92,81,ATL,PNS,272,3,31,0,,0,81,0,11,0,0
2006,11,23,4,838,845,1026,1034,DL,1425,N965DL,108,109,78,-8,-7,ORF,ATL,516,19,11,0,,0,0,0,0,0,0
2006,11,23,4,1123,1123,1219,1230,DL,1425,N965DL,116,127,101,-11,0,ATL,MCI,692,3,12,0,,0,0,0,0,0,0
2006,11,23,4,715,720,1007,1022,DL,1427,N914DN,112,122,88,-15,-5,SEA,SLC,689,6,18,0,,0,0,0,0,0,0
2006,11,23,4,1128,1137,1222,1227,DL,1427,N914DN,114,110,92,-5,-9,SLC,SNA,588,7,15,0,,0,0,0,0,0,0
2006,11,23,4,1225,1242,1429,1511,DL,1428,N911DA,64,89,50,-42,-17,RNO,SLC,422,3,11,0,,0,0,0,0,0,0
2006,11,23,4,1554,1556,1659,1645,DL,1428,N911DA,125,109,93,14,-2,SLC,LAX,590,10,22,0,,0,0,0,0,0,0
2006,11,23,4,1101,1100,1236,1242,DL,1429,N612DL,95,102,74,-6,1,RSW,ATL,515,6,15,0,,0,0,0,0,0,0
2006,11,23,4,1231,1158,1428,1430,DL,1432,N3765,117,152,99,-2,33,LGA,ATL,761,5,13,0,,0,0,0,0,0,0
2006,11,23,4,1516,1515,1539,1548,DL,1432,N3765,83,93,59,-9,1,ATL,MSY,425,7,17,0,,0,0,0,0,0,0
2006,11,23,4,1259,1250,1510,1500,DL,1434,N904DL,71,70,51,10,9,PNS,ATL,272,7,13,0,,0,0,0,0,0,0
2006,11,23,4,1533,1542,1843,1850,DL,1436,N673DL,130,128,95,-7,-9,DFW,ATL,732,19,16,0,,0,0,0,0,0,0
2006,11,23,4,808,814,1151,1211,DL,1440,N3749D,163,177,144,-20,-6,SLC,ORD,1249,5,14,0,,0,0,0,0,0,0
2006,11,23,4,1917,1927,2016,2045,DL,1442,N936DL,59,78,43,-29,-10,JAX,ATL,270,6,10,0,,0,0,0,0,0,0
2006,11,23,4,928,925,1204,1154,DL,1443,N618DL,156,149,125,10,3,CVG,FLL,932,16,15,0,,0,0,0,0,0,0
2006,11,23,4,718,730,756,817,DL,1444,N994DL,38,47,22,-21,-12,SDF,CVG,83,4,12,0,,0,0,0,0,0,0
2006,11,23,4,908,910,1107,1117,DL,1444,N994DL,119,127,104,-10,-2,CVG,TPA,773,5,10,0,,0,0,0,0,0,0
2006,11,23,4,1708,1713,1833,1852,DL,1445,N951DL,85,99,69,-19,-5,DAY,ATL,432,8,8,0,,0,0,0,0,0,0
2006,11,23,4,727,730,1606,1605,DL,1448,N697DL,339,335,306,1,-3,SFO,JFK,2586,14,19,0,,0,0,0,0,0,0
2006,11,23,4,1153,1200,1449,1459,DL,1449,N925DL,176,179,157,-10,-7,PBI,BDL,1133,5,14,0,,0,0,0,0,0,0
2006,11,23,4,1216,1230,1432,1453,DL,1454,N989DL,76,83,61,-21,-14,JAN,ATL,341,6,9,0,,0,0,0,0,0,0
2006,11,23,4,1534,1538,1650,1655,DL,1454,N989DL,76,77,54,-5,-4,ATL,SDF,321,5,17,0,,0,0,0,0,0,0
2006,11,23,4,658,700,NA,1030,DL,1455,N931DL,NA,150,NA,NA,-2,MSP,ATL,906,0,28,0,,1,0,0,0,0,0
2006,11,23,4,1124,1127,1134,1145,DL,1455,N989DL,70,78,47,-11,-3,ATL,JAN,341,4,19,0,,0,0,0,0,0,0
2006,11,23,4,732,730,1026,1028,DL,1456,N902DE,174,178,148,-2,2,BDL,PBI,1133,6,20,0,,0,0,0,0,0,0
2006,11,23,4,1104,1110,1804,1821,DL,1460,N660DL,240,251,217,-17,-6,SAN,ATL,1891,9,14,0,,0,0,0,0,0,0
2006,11,23,4,1929,1930,2043,2102,DL,1460,N6715C,74,92,57,-19,-1,ATL,TPA,406,5,12,0,,0,0,0,0,0,0
2006,11,23,4,757,800,921,929,DL,1461,N632DL,84,89,68,-8,-3,TPA,ATL,406,6,10,0,,0,0,0,0,0,0
2006,11,23,4,716,715,903,914,DL,1463,N943DL,47,59,33,-11,1,BHM,ATL,134,5,9,0,,0,0,0,0,0,0
2006,11,23,4,52,55,537,532,DL,1464,N3762Y,165,157,141,5,-3,DEN,ATL,1199,7,17,0,,0,0,0,0,0,0
2006,11,23,4,637,630,816,759,DL,1464,N3762Y,99,89,84,17,7,ATL,DCA,547,4,11,0,,0,7,0,10,0,0
2006,11,23,4,725,730,912,939,DL,1465,N3751B,287,309,273,-27,-5,TPA,LAX,2158,5,9,0,,0,0,0,0,0,0
2006,11,23,4,747,750,1040,1100,DL,1466,N3737C,173,190,154,-20,-3,BDL,FLL,1173,6,13,0,,0,0,0,0,0,0
2006,11,23,4,1152,1145,1446,1445,DL,1466,N3737C,174,180,154,1,7,FLL,BDL,1173,7,13,0,,0,0,0,0,0,0
2006,11,23,4,1126,1130,1407,1404,DL,1467,N901DL,161,154,142,3,-4,MCO,BDL,1050,8,11,0,,0,0,0,0,0,0
2006,11,23,4,948,850,1313,1200,DL,1468,N903DE,205,190,138,73,58,JFK,PBI,1028,5,62,0,,0,58,0,15,0,0
2006,11,23,4,656,700,1441,1423,DL,1469,N698DL,285,263,253,18,-4,SMF,ATL,2092,12,20,0,,0,0,0,18,0,0
2006,11,23,4,1010,959,1226,1235,DL,1472,N913DL,136,156,98,-9,11,LGA,ATL,761,8,30,0,,0,0,0,0,0,0
2006,11,23,4,845,855,1621,1608,DL,1474,N6706Q,276,253,230,13,-10,SNA,ATL,1919,9,37,0,,0,0,0,0,0,0
2006,11,23,4,2038,2040,2147,2212,DL,1475,N943DL,129,152,115,-25,-2,ATL,SAT,874,3,11,0,,0,0,0,0,0,0
2006,11,23,4,1023,1030,1245,1313,DL,1476,N689DL,142,163,121,-28,-7,BOS,ATL,946,4,17,0,,0,0,0,0,0,0
2006,11,23,4,900,901,1021,1045,DL,1477,N6705Y,261,284,243,-24,-1,ATL,SNA,1919,6,12,0,,0,0,0,0,0,0
2006,11,23,4,2230,2235,556,604,DL,1478,N6708D,266,269,242,-8,-5,SFO,ATL,2139,7,17,0,,0,0,0,0,0,0
2006,11,23,4,713,715,954,1012,DL,1480,N905DL,161,177,144,-18,-2,BDL,TPA,1111,3,14,0,,0,0,0,0,0,0
2006,11,23,4,1140,1145,1427,1429,DL,1480,N947DL,167,164,148,-2,-5,TPA,BDL,1111,8,11,0,,0,0,0,0,0,0
2006,11,23,4,649,700,926,952,DL,1481,N915DL,157,172,135,-26,-11,BDL,MCO,1050,5,17,0,,0,0,0,0,0,0
2006,11,23,4,1146,1130,1521,1429,DL,1482,N999DN,215,179,160,52,16,FLL,LGA,1076,12,43,0,,0,0,0,52,0,0
2006,11,23,4,644,645,812,811,DL,1483,N3758Y,88,86,67,1,-1,DCA,CVG,411,7,14,0,,0,0,0,0,0,0
2006,11,23,4,859,900,1059,1045,DL,1483,N3758Y,300,285,275,14,-1,CVG,PDX,1975,10,15,0,,0,0,0,0,0,0
2006,11,23,4,713,715,1033,1040,DL,1484,N696DA,320,325,275,-7,-2,JFK,SLC,1989,10,35,0,,0,0,0,0,0,0
2006,11,23,4,1559,1600,1844,1908,DL,1485,N999DN,165,188,138,-24,-1,LGA,FLL,1076,7,20,0,,0,0,0,0,0,0
2006,11,23,4,550,600,754,747,DL,1486,N941DL,124,107,76,7,-10,ORF,ATL,516,5,43,0,,0,0,0,0,0,0
2006,11,23,4,845,846,1013,1019,DL,1487,N941DL,88,93,64,-6,-1,ATL,IND,432,9,15,0,,0,0,0,0,0,0
2006,11,23,4,1538,1540,1749,1805,DL,1488,N907DE,71,85,50,-16,-2,MEM,ATL,332,9,12,0,,0,0,0,0,0,0
2006,11,23,4,1350,1335,1517,1505,DL,1489,N941DL,87,90,68,12,15,ATL,DAY,432,6,13,0,,0,0,0,0,0,0
2006,11,23,4,1053,1058,1242,1252,DL,1495,N953DL,49,54,28,-10,-5,BHM,ATL,134,11,10,0,,0,0,0,0,0,0
2006,11,23,4,1400,1400,1603,1559,DL,1495,N953DL,123,119,105,4,0,ATL,BUF,712,5,13,0,,0,0,0,0,0,0
2006,11,23,4,2240,2240,651,704,DL,1496,N647DL,311,324,290,-13,0,SFO,JFK,2586,5,16,0,,0,0,0,0,0,0
2006,11,23,4,1546,1550,1711,1729,DL,1497,N941DL,85,99,68,-18,-4,DAY,ATL,432,6,11,0,,0,0,0,0,0,0
2006,11,23,4,1057,1105,1217,1236,DL,1498,N941DL,80,91,61,-19,-8,IND,ATL,432,5,14,0,,0,0,0,0,0,0
2006,11,23,4,1656,1647,1831,1848,DL,1499,N933DL,95,121,75,-17,9,BWI,ATL,576,8,12,0,,0,0,0,0,0,0
2006,11,23,4,1959,2005,2058,2123,DL,1499,N375DA,179,198,153,-25,-6,ATL,DEN,1199,13,13,0,,0,0,0,0,0,0
2006,11,23,4,1016,1017,1141,1155,DL,1503,N987DL,145,158,118,-14,-1,ATL,SAT,874,3,24,0,,0,0,0,0,0,0
2006,11,23,4,752,737,851,852,DL,1505,N757AT,179,195,159,-1,15,ATL,DEN,1199,7,13,0,,0,0,0,0,0,0
2006,11,23,4,1224,1229,1354,1415,DL,1508,N907DL,90,106,69,-21,-5,PIT,ATL,526,9,12,0,,0,0,0,0,0,0
2006,11,23,4,1501,1500,1501,1507,DL,1508,N907DL,60,67,37,-6,1,ATL,BNA,214,5,18,0,,0,0,0,0,0,0
2006,11,23,4,751,750,1628,1611,DL,1514,N638DL,337,321,296,17,1,SEA,JFK,2421,23,18,0,,0,0,0,17,0,0
2006,11,23,4,1332,1330,1606,1619,DL,1516,N661DN,94,109,75,-13,2,LAX,SLC,590,3,16,0,,0,0,0,0,0,0
2006,11,23,4,1418,1429,1546,1605,DL,1519,N970DL,88,96,69,-19,-11,MLB,ATL,443,9,10,0,,0,0,0,0,0,0
2006,11,23,4,1649,1653,1831,1830,DL,1519,N990DL,102,97,75,1,-4,ATL,ORF,516,6,21,0,,0,0,0,0,0,0
2006,11,23,4,1440,1430,1610,1625,DL,1520,N988DL,90,115,71,-15,10,IAD,ATL,533,9,10,0,,0,0,0,0,0,0
2006,11,23,4,1409,1410,1608,1557,DL,1521,N627DL,119,107,89,11,-1,ATL,IAD,533,7,23,0,,0,0,0,0,0,0
2006,11,23,4,1249,1223,1535,1448,DL,1526,N670DN,166,145,129,47,26,MCO,JFK,944,25,12,0,,0,0,0,21,0,26
2006,11,23,4,1352,1400,1451,1508,DL,1528,N601DL,59,68,42,-17,-8,JAX,ATL,270,9,8,0,,0,0,0,0,0,0
2006,11,23,4,842,845,948,959,DL,1529,N936DL,66,74,42,-11,-3,CHS,ATL,259,12,12,0,,0,0,0,0,0,0
2006,11,23,4,1049,1049,1327,1319,DL,1529,N936DL,158,150,123,8,0,ATL,BDL,859,7,28,0,,0,0,0,0,0,0
2006,11,23,4,758,800,953,1012,DL,1530,N951DL,115,132,95,-19,-2,ROC,ATL,749,10,10,0,,0,0,0,0,0,0
2006,11,23,4,1053,1057,1104,1115,DL,1530,N951DL,71,78,46,-11,-4,ATL,MOB,302,6,19,0,,0,0,0,0,0,0
2006,11,23,4,715,720,1009,1016,DL,1531,N998DL,114,116,97,-7,-5,MCI,ATL,692,7,10,0,,0,0,0,0,0,0
2006,11,23,4,1109,1113,1249,1245,DL,1531,N998DL,100,92,76,4,-4,ATL,RIC,481,3,21,0,,0,0,0,0,0,0
2006,11,23,4,1351,1245,1642,1529,DL,1533,N903DE,171,164,146,73,66,PBI,JFK,1028,13,12,0,,0,0,0,7,0,66
2006,11,23,4,1058,1100,1238,1242,DL,1535,N901DE,160,162,140,-4,-2,ATL,MSP,906,4,16,0,,0,0,0,0,0,0
2006,11,23,4,729,730,910,907,DL,1538,N902DL,101,97,88,3,-1,ATL,DCA,547,3,10,0,,0,0,0,0,0,0
2006,11,23,4,1605,1615,1813,1826,DL,1540,N930DL,68,71,43,-13,-10,PNS,ATL,272,16,9,0,,0,0,0,0,0,0
2006,11,23,4,1312,1315,1503,1457,DL,1541,N3768,111,102,84,6,-3,ATL,BWI,576,8,19,0,,0,0,0,0,0,0
2006,11,23,4,635,637,758,809,DL,1542,N3752,83,92,67,-11,-2,BWI,CVG,430,6,10,0,,0,0,0,0,0,0
2006,11,23,4,917,925,1103,1128,DL,1542,N3752,226,243,209,-25,-8,CVG,PHX,1569,5,12,0,,0,0,0,0,0,0
2006,11,23,4,1018,1020,1537,1557,DL,1543,N908DA,199,217,172,-20,-2,SLC,CVG,1449,8,19,0,,0,0,0,0,0,0
2006,11,23,4,1204,1211,1508,1519,DL,1544,N992DL,124,128,100,-11,-7,DFW,ATL,732,9,15,0,,0,0,0,0,0,0
2006,11,23,4,1019,1023,1115,1131,DL,1546,N970DL,56,68,42,-16,-4,CHS,ATL,259,5,9,0,,0,0,0,0,0,0
2006,11,23,4,1221,1216,1345,1344,DL,1546,N970DL,84,88,60,1,5,ATL,MLB,443,3,21,0,,0,0,0,0,0,0
2006,11,23,4,756,800,1011,959,DL,1547,N969DL,135,119,88,12,-4,DTW,ATL,594,14,33,0,,0,0,0,0,0,0
2006,11,23,4,927,930,1044,1038,DL,1548,N617DL,77,68,44,6,-3,JAX,ATL,270,22,11,0,,0,0,0,0,0,0
2006,11,23,4,1144,1145,1420,1400,DL,1548,N649DL,156,135,119,20,-1,ATL,LGA,761,9,28,0,,0,0,0,20,0,0
2006,11,23,4,1856,1855,1953,2003,DL,1550,N907DL,117,128,98,-10,1,ATL,MKE,669,6,13,0,,0,0,0,0,0,0
2006,11,23,4,1653,1655,1752,1752,DL,1551,N976DL,59,57,32,0,-2,ATL,GSP,153,6,21,0,,0,0,0,0,0,0
2006,11,23,4,1602,1559,1751,1747,DL,1552,N904DL,109,108,87,4,3,ATL,CLE,554,5,17,0,,0,0,0,0,0,0
2006,11,23,4,1729,1552,1940,1827,DL,1553,N948DL,131,155,92,73,97,EWR,ATL,745,23,16,0,,0,0,0,0,0,73
2006,11,23,4,1656,1705,2047,2103,DL,1554,N914DN,171,178,146,-16,-9,SLC,IAH,1195,8,17,0,,0,0,0,0,0,0
2006,11,23,4,659,700,832,843,DL,1556,N654DL,273,283,250,-11,-1,ATL,LAX,1946,9,14,0,,0,0,0,0,0,0
2006,11,23,4,655,700,828,837,DL,1557,N123DN,93,97,66,-9,-5,TPA,ATL,406,11,16,0,,0,0,0,0,0,0
2006,11,23,4,947,950,1207,1218,DL,1557,N123DN,320,328,292,-11,-3,ATL,SEA,2182,7,21,0,,0,0,0,0,0,0
2006,11,23,4,1055,1044,1222,1221,DL,1558,N964DL,87,97,69,1,11,ATL,CMH,446,6,12,0,,0,0,0,0,0,0
2006,11,23,4,704,710,909,913,DL,1560,N907DL,65,63,31,-4,-6,HSV,ATL,151,19,15,0,,0,0,0,0,0,0
2006,11,23,4,1006,958,1151,1144,DL,1560,N907DL,105,106,75,7,8,ATL,PIT,526,9,21,0,,0,0,0,0,0,0
2006,11,23,4,2053,2055,2231,2233,DL,1561,N612DL,98,98,71,-2,-2,ATL,RSW,515,9,18,0,,0,0,0,0,0,0
2006,11,23,4,1413,1417,1509,1530,DL,1562,N990DL,56,73,40,-21,-4,CHS,ATL,259,7,9,0,,0,0,0,0,0,0
2006,11,23,4,813,815,933,941,DL,1563,N656DL,80,86,52,-8,-2,RDU,ATL,356,14,14,0,,0,0,0,0,0,0
2006,11,23,4,1038,1040,1157,1146,DL,1563,N656DL,79,66,37,11,-2,ATL,SAV,215,7,35,0,,0,0,0,0,0,0
2006,11,23,4,653,700,829,832,DL,1564,N946DL,96,92,70,-3,-7,SRQ,ATL,445,15,11,0,,0,0,0,0,0,0
2006,11,23,4,917,920,1054,1054,DL,1564,N946DL,97,94,77,0,-3,ATL,RIC,481,6,14,0,,0,0,0,0,0,0
2006,11,23,4,1421,1430,2140,2156,DL,1566,N830MH,319,326,283,-16,-9,HNL,LAX,2556,17,19,0,,0,0,0,0,0,0
2006,11,23,4,841,845,1005,1005,DL,1567,N944DL,84,80,61,0,-4,ATL,RDU,356,7,16,0,,0,0,0,0,0,0
2006,11,23,4,2331,2342,726,650,DL,1568,N839MH,355,308,335,36,-11,HNL,LAX,2556,7,13,0,,0,0,0,36,0,0
2006,11,23,4,743,745,1448,1451,DL,1570,N120DL,245,246,225,-3,-2,SAN,ATL,1891,6,14,0,,0,0,0,0,0,0
2006,11,23,4,1505,1434,1713,1650,DL,1573,N693DL,128,136,109,23,31,ATL,PHL,665,7,12,0,,0,0,0,23,0,0
2006,11,23,4,1440,1440,1559,1556,DL,1574,N690DL,79,76,56,3,0,ATL,RDU,356,5,18,0,,0,0,0,0,0,0
2006,11,23,4,1748,1740,1945,2015,DL,1575,N693DL,117,155,86,-30,8,PHL,ATL,665,14,17,0,,0,0,0,0,0,0
2006,11,23,4,848,850,1238,1229,DL,1579,N830MH,350,339,323,9,-2,LAX,HNL,2556,4,23,0,,0,0,0,0,0,0
2006,11,23,4,937,945,1653,1701,DL,1582,N654DL,256,256,230,-8,-8,LAX,ATL,1946,9,17,0,,0,0,0,0,0,0
2006,11,23,4,800,800,918,926,DL,1585,N826MH,78,86,55,-8,0,ATL,MCO,403,5,18,0,,0,0,0,0,0,0
2006,11,23,4,1301,1306,1423,1443,DL,1587,N964DL,82,97,65,-20,-5,CMH,ATL,446,8,9,0,,0,0,0,0,0,0
2006,11,23,4,1524,1528,1614,1623,DL,1587,N964DL,50,55,34,-9,-4,ATL,CAE,191,4,12,0,,0,0,0,0,0,0
2006,11,23,4,1637,1630,1908,1928,DL,1588,N982DL,151,178,122,-20,7,BOS,ATL,946,16,13,0,,0,0,0,0,0,0
2006,11,23,4,1214,1130,1524,1459,DL,1590,N916DL,130,149,112,25,44,MSP,ATL,906,7,11,0,,0,24,0,0,0,1
2006,11,23,4,1617,1544,1559,1539,DL,1590,N916DL,42,55,23,20,33,ATL,BHM,134,3,16,0,,0,5,0,0,0,15
2006,11,23,4,704,655,1013,959,DL,1593,N906DE,129,124,107,14,9,ICT,ATL,781,12,10,0,,0,0,0,0,0,0
2006,11,23,4,1056,1050,1247,1239,DL,1593,N906DE,111,109,83,8,6,ATL,IAD,533,6,22,0,,0,0,0,0,0,0
2006,11,23,4,812,755,1003,934,DL,1594,N973DL,111,99,70,29,17,DAY,ATL,432,12,29,0,,0,17,0,12,0,0
2006,11,23,4,1038,1019,1108,1059,DL,1594,N973DL,90,100,62,9,19,ATL,LIT,453,5,23,0,,0,0,0,0,0,0
2006,11,23,4,1528,1530,1658,1654,DL,1595,N640DL,90,84,60,4,-2,ATL,MCO,403,5,25,0,,0,0,0,0,0,0
2006,11,23,4,555,600,805,810,DL,1598,N912DL,70,70,49,-5,-5,MOB,ATL,302,6,15,0,,0,0,0,0,0,0
2006,11,23,4,850,855,1059,1109,DL,1598,N912DL,129,134,105,-10,-5,ATL,ROC,749,8,16,0,,0,0,0,0,0,0
2006,11,23,4,652,700,1359,1410,DL,1601,N688DL,247,250,226,-11,-8,ONT,ATL,1900,9,12,0,,0,0,0,0,0,0
2006,11,23,4,1507,1507,1648,1657,DL,1601,N688DL,101,110,80,-9,0,ATL,MIA,595,6,15,0,,0,0,0,0,0,0
2006,11,23,4,1238,1237,1452,1432,DL,1602,N911DL,134,115,97,20,1,ATL,DTW,594,5,32,0,,0,0,0,20,0,0
2006,11,23,4,1953,1955,2055,2100,DL,1604,N953DL,62,65,38,-5,-2,ATL,SAV,215,9,15,0,,0,0,0,0,0,0
2006,11,23,4,1545,1545,1714,1723,DL,1606,N628DL,89,98,72,-9,0,ATL,PBI,545,5,12,0,,0,0,0,0,0,0
2006,11,23,4,705,715,825,827,DL,1607,N997DL,80,72,42,-2,-10,PIT,CVG,256,5,33,0,,0,0,0,0,0,0
2006,11,23,4,912,915,1033,1045,DL,1607,N997DL,81,90,61,-12,-3,CVG,ATL,373,7,13,0,,0,0,0,0,0,0
2006,11,23,4,1325,1332,1513,1529,DL,1609,N944DL,48,57,30,-16,-7,HSV,ATL,151,11,7,0,,0,0,0,0,0,0
2006,11,23,4,1628,1630,1653,1710,DL,1609,N944DL,85,100,62,-17,-2,ATL,MSY,425,8,15,0,,0,0,0,0,0,0
2006,11,23,4,1901,1903,1938,1946,DL,1611,N913DL,97,103,77,-8,-2,ATL,STL,483,5,15,0,,0,0,0,0,0,0
2006,11,23,4,702,700,941,905,DL,1612,N650DL,159,125,136,36,2,ATL,PHL,665,8,15,0,,0,0,0,36,0,0
2006,11,23,4,1455,1458,1626,1644,DL,1613,N910DL,91,106,69,-18,-3,RIC,ATL,481,10,12,0,,0,0,0,0,0,0
2006,11,23,4,1727,1729,1740,1754,DL,1613,N910DL,73,85,48,-14,-2,ATL,JAN,341,4,21,0,,0,0,0,0,0,0
2006,11,23,4,558,600,909,902,DL,1615,N954DL,131,122,108,7,-2,AUS,ATL,813,10,13,0,,0,0,0,0,0,0
2006,11,23,4,1124,1008,1235,1137,DL,1615,N959DL,71,89,53,58,76,ATL,SDF,321,4,14,0,,0,28,0,0,0,30
2006,11,23,4,1549,1553,1715,1743,DL,1617,N981DL,86,110,68,-28,-4,PIT,ATL,526,6,12,0,,0,0,0,0,0,0
2006,11,23,4,1603,1559,1741,1754,DL,1618,N935DL,98,115,72,-13,4,DCA,ATL,547,11,15,0,,0,0,0,0,0,0
2006,11,23,4,1543,1552,1742,1801,DL,1619,N907DL,59,69,40,-19,-9,BNA,ATL,214,6,13,0,,0,0,0,0,0,0
2006,11,23,4,838,845,1027,1024,DL,1620,N630DL,109,99,82,3,-7,RSW,ATL,515,15,12,0,,0,0,0,0,0,0
2006,11,23,4,1143,1140,1429,1344,DL,1622,N900PC,166,124,133,45,3,ATL,PHL,665,9,24,0,,0,0,0,45,0,0
2006,11,23,4,623,630,913,921,DL,1623,N672DL,110,111,81,-8,-7,LAX,SLC,590,6,23,0,,0,0,0,0,0,0
2006,11,23,4,1411,1420,1703,1723,DL,1624,N997DL,112,123,93,-20,-9,IAH,ATL,689,9,10,0,,0,0,0,0,0,0
2006,11,23,4,1811,1813,2041,2036,DL,1624,N997DL,150,143,130,5,-2,ATL,PVD,903,9,11,0,,0,0,0,0,0,0
2006,11,23,4,731,700,1437,1414,DL,1625,N674DL,246,254,216,23,31,LAX,CVG,1900,5,25,0,,0,23,0,0,0,0
2006,11,23,4,1503,1505,1701,1713,DL,1625,N667DN,118,128,101,-12,-2,CVG,MCO,756,5,12,0,,0,0,0,0,0,0
2006,11,23,4,659,700,749,800,DL,1626,N990DL,110,120,91,-11,-1,ATL,ORD,606,6,13,0,,0,0,0,0,0,0
2006,11,23,4,755,800,1013,1008,DL,1629,N643DL,78,68,50,5,-5,PNS,ATL,272,11,17,0,,0,0,0,0,0,0
2006,11,23,4,1211,1101,1444,1308,DL,1629,N648DL,273,247,230,96,70,ATL,PHX,1587,4,39,0,,0,0,0,26,0,70
2006,11,23,4,717,720,1021,1025,DL,1630,N396DA,304,305,275,-4,-3,FLL,SLC,2083,13,16,0,,0,0,0,0,0,0
2006,11,23,4,1116,1121,1144,1147,DL,1630,N396DA,88,86,67,-3,-5,SLC,LAS,368,8,13,0,,0,0,0,0,0,0
2006,11,23,4,1527,1530,1715,1711,DL,1631,N918DL,108,101,85,4,-3,ATL,IAD,533,7,16,0,,0,0,0,0,0,0
2006,11,23,4,1158,1205,1450,1505,DL,1632,N3769L,112,120,92,-15,-7,MCI,ATL,692,11,9,0,,0,0,0,0,0,0
2006,11,23,4,1551,1605,1641,1713,DL,1634,N949DL,50,68,34,-32,-14,SAV,ATL,215,7,9,0,,0,0,0,0,0,0
2006,11,23,4,1755,1804,2001,2018,DL,1634,N958DL,126,134,110,-17,-9,ATL,SYR,793,4,12,0,,0,0,0,0,0,0
2006,11,23,4,720,720,1023,1019,DL,1635,N902DA,123,119,77,4,0,LAX,SLC,590,29,17,0,,0,0,0,0,0,0
2006,11,23,4,1117,1119,1159,1204,DL,1635,N902DA,102,105,79,-5,-2,SLC,GEG,546,7,16,0,,0,0,0,0,0,0
2006,11,23,4,1253,1300,1523,1533,DL,1636,N902DA,90,93,73,-10,-7,GEG,SLC,546,7,10,0,,0,0,0,0,0,0
2006,11,23,4,1003,1011,1648,1653,DL,1637,N672DL,285,282,245,-5,-8,SLC,BOS,2105,11,29,0,,0,0,0,0,0,0
2006,11,23,4,849,900,1018,1023,DL,1638,N3771K,89,83,65,-5,-11,SDF,ATL,321,11,13,0,,0,0,0,0,0,0
2006,11,23,4,1122,1123,1133,1143,DL,1638,N979DL,71,80,50,-10,-1,ATL,MEM,332,4,17,0,,0,0,0,0,0,0
2006,11,23,4,652,700,1222,1226,DL,1642,N666DN,210,206,190,-4,-8,PHX,ATL,1587,5,15,0,,0,0,0,0,0,0
2006,11,23,4,1324,1325,1515,1520,DL,1642,N666DN,111,115,82,-5,-1,ATL,MIA,595,4,25,0,,0,0,0,0,0,0
2006,11,23,4,724,730,1026,1031,DL,1646,N952DL,122,121,100,-5,-6,OKC,ATL,761,8,14,0,,0,0,0,0,0,0
2006,11,23,4,1114,1116,1314,1318,DL,1646,N952DL,120,122,97,-4,-2,ATL,BUF,712,4,19,0,,0,0,0,0,0,0
2006,11,23,4,731,735,930,951,DL,1647,N912DN,179,196,156,-21,-4,IAH,SLC,1195,5,18,0,,0,0,0,0,0,0
2006,11,23,4,1041,1038,1202,1206,DL,1647,N912DN,81,88,51,-4,3,SLC,DEN,391,10,20,0,,0,0,0,0,0,0
2006,11,23,4,1634,1640,1924,1942,DL,1649,N924DL,110,122,94,-18,-6,MCI,ATL,692,6,10,0,,0,0,0,0,0,0
2006,11,23,4,1838,1840,1943,1958,DL,1651,N967DL,125,138,92,-15,-2,ATL,IAH,689,10,23,0,,0,0,0,0,0,0
2006,11,23,4,709,710,851,907,DL,1653,N627DL,102,117,85,-16,-1,MIA,ATL,595,7,10,0,,0,0,0,0,0,0
2006,11,23,4,1000,1000,1130,1127,DL,1653,N693DL,90,87,58,3,0,ATL,RDU,356,5,27,0,,0,0,0,0,0,0
2006,11,23,4,940,950,1226,1242,DL,1654,N983DL,106,112,88,-16,-10,MCI,ATL,692,5,13,0,,0,0,0,0,0,0
2006,11,23,4,1342,1343,1440,1440,DL,1654,N983DL,58,57,34,0,-1,ATL,TLH,223,5,19,0,,0,0,0,0,0,0
2006,11,23,4,658,700,955,1002,DL,1655,N631DL,117,122,99,-7,-2,DFW,ATL,732,5,13,0,,0,0,0,0,0,0
2006,11,23,4,1104,1100,1225,1232,DL,1655,N631DL,81,92,59,-7,4,ATL,MCO,403,3,19,0,,0,0,0,0,0,0
2006,11,23,4,2114,2115,2241,2234,DL,1658,N138DL,267,259,223,7,-1,ATL,LAS,1747,27,17,0,,0,0,0,0,0,0
2006,11,23,4,2306,2305,629,624,DL,1660,N3730B,263,259,239,5,1,SMF,ATL,2092,9,15,0,,0,0,0,0,0,0
2006,11,23,4,1132,1135,1353,1357,DL,1661,N605DL,81,82,63,-4,-3,MSY,ATL,425,9,9,0,,0,0,0,0,0,0
2006,11,23,4,818,820,1001,1016,DL,1663,N129DL,103,116,82,-15,-2,MIA,ATL,595,8,13,0,,0,0,0,0,0,0
2006,11,23,4,1126,1130,1407,1359,DL,1663,N669DN,161,149,128,8,-4,ATL,BOS,946,11,22,0,,0,0,0,0,0,0
2006,11,23,4,1137,1145,1835,1849,DL,1668,N6705Y,238,244,222,-14,-8,SNA,ATL,1919,7,9,0,,0,0,0,0,0,0
2006,11,23,4,1944,1950,1943,2007,DL,1668,N6705Y,59,77,41,-24,-6,ATL,PNS,272,4,14,0,,0,0,0,0,0,0
2006,11,23,4,1531,1535,1740,1730,DL,1670,N979DL,129,115,106,10,-4,ATL,DTW,594,7,16,0,,0,0,0,0,0,0
2006,11,23,4,1727,1730,1909,1859,DL,1673,N386DA,102,89,82,10,-3,ATL,DCA,547,6,14,0,,0,0,0,0,0,0
2006,11,23,4,1732,1735,1838,1847,DL,1674,N983DL,66,72,41,-9,-3,ATL,CHS,259,5,20,0,,0,0,0,0,0,0
2006,11,23,4,1107,1111,1159,1210,DL,1675,N948DL,52,59,37,-11,-4,SAV,ATL,215,7,8,0,,0,0,0,0,0,0
2006,11,23,4,1404,1255,1649,1507,DL,1675,N948DL,165,132,112,102,69,ATL,EWR,745,7,46,0,,0,0,0,102,0,0
2006,11,23,4,1151,1155,1935,1935,DL,1676,N641DL,284,280,250,0,-4,SEA,ATL,2182,15,19,0,,0,0,0,0,0,0
2006,11,23,4,2037,2040,2203,2209,DL,1676,N641DL,86,89,57,-6,-3,ATL,MCO,403,6,23,0,,0,0,0,0,0,0
2006,11,23,4,1106,1111,1308,1315,DL,1682,N627DL,62,64,35,-7,-5,BNA,ATL,214,5,22,0,,0,0,0,0,0,0
2006,11,23,4,701,700,1435,1435,DL,1683,N6715C,274,275,253,0,1,PDX,ATL,2172,10,11,0,,0,0,0,0,0,0
2006,11,23,4,1524,1525,1622,1622,DL,1683,N6715C,58,57,41,0,-1,ATL,SAV,215,4,13,0,,0,0,0,0,0,0
2006,11,23,4,700,700,919,923,DL,1685,N974DL,139,143,103,-4,0,SYR,ATL,793,9,27,0,,0,0,0,0,0,0
2006,11,23,4,856,859,1108,1140,DL,1687,N677DL,132,161,96,-32,-3,LGA,ATL,761,6,30,0,,0,0,0,0,0,0
2006,11,23,4,948,956,1617,1630,DL,1688,N608DA,269,274,238,-13,-8,SLC,EWR,1968,7,24,0,,0,0,0,0,0,0
2006,11,23,4,739,740,846,855,DL,1689,N1402A,67,75,45,-9,-1,JAX,ATL,270,9,13,0,,0,0,0,0,0,0
2006,11,23,4,957,957,1057,1125,DL,1689,N1402A,240,268,210,-28,0,ATL,LAS,1747,7,23,0,,0,0,0,0,0,0
2006,11,23,4,1239,1245,1554,1602,DL,1690,N926DL,135,137,111,-8,-6,AUS,ATL,813,12,12,0,,0,0,0,0,0,0
2006,11,23,4,1657,1700,1849,1849,DL,1690,N928DL,112,109,83,0,-3,ATL,IAD,533,8,21,0,,0,0,0,0,0,0
2006,11,23,4,757,805,850,856,DL,1691,N903DA,113,111,95,-6,-8,SLC,SAN,626,3,15,0,,0,0,0,0,0,0
2006,11,23,4,730,735,810,822,DL,1692,N393DA,40,47,23,-12,-5,CMH,CVG,116,7,10,0,,0,0,0,0,0,0
2006,11,23,4,900,905,1025,1043,DL,1692,N661DN,265,278,244,-18,-5,CVG,LAX,1900,8,13,0,,0,0,0,0,0,0
2006,11,23,4,824,830,1008,1009,DL,1693,N935DL,104,99,84,-1,-6,ATL,DCA,547,5,15,0,,0,0,0,0,0,0
2006,11,23,4,1232,1236,1325,1337,DL,1695,N656DL,53,61,38,-12,-4,SAV,ATL,215,5,10,0,,0,0,0,0,0,0
2006,11,23,4,1430,1432,1531,1546,DL,1695,N656DL,181,194,161,-15,-2,ATL,DEN,1199,8,12,0,,0,0,0,0,0,0
2006,11,23,4,723,725,1208,1215,DL,1696,N982DL,165,170,144,-7,-2,DEN,ATL,1199,7,14,0,,0,0,0,0,0,0
2006,11,23,4,1246,1245,1529,1507,DL,1698,N677DL,163,142,122,22,1,ATL,LGA,761,6,35,0,,0,0,0,22,0,0
2006,11,23,4,1438,1440,1615,1621,DL,1701,N905DA,157,161,136,-6,-2,DFW,SLC,988,5,16,0,,0,0,0,0,0,0
2006,11,23,4,1716,1725,2041,2101,DL,1702,N905DA,145,156,125,-20,-9,SLC,DFW,988,5,15,0,,0,0,0,0,0,0
2006,11,23,4,2133,2145,556,609,DL,1704,N3740C,323,324,298,-13,-12,LAX,BOS,2611,7,18,0,,0,0,0,0,0,0
2006,11,23,4,1153,1139,1233,1220,DL,1705,N967DL,100,101,77,13,14,ATL,STL,483,3,20,0,,0,0,0,0,0,0
2006,11,23,4,637,640,824,820,DL,1707,N916DL,107,100,84,4,-3,RIC,ATL,481,9,14,0,,0,0,0,0,0,0
2006,11,23,4,902,905,1047,1045,DL,1707,N916DL,165,160,141,2,-3,ATL,MSP,906,6,18,0,,0,0,0,0,0,0
2006,11,23,4,1830,1845,2113,2140,DL,1710,N906DE,163,175,142,-27,-15,FLL,JFK,1069,11,10,0,,0,0,0,0,0,0
2006,11,23,4,1035,1038,1244,1249,DL,1712,N3747D,129,131,107,-5,-3,MCO,CVG,756,7,15,0,,0,0,0,0,0,0
2006,11,23,4,1339,1335,1511,1514,DL,1712,N3747D,212,219,199,-3,4,CVG,SLC,1449,5,8,0,,0,0,0,0,0,0
2006,11,23,4,900,900,1001,1013,DL,1713,N3763D,181,193,161,-12,0,CVG,ABQ,1240,5,15,0,,0,0,0,0,0,0
2006,11,23,4,2001,1937,2139,2109,DL,1714,N996DL,98,92,79,30,24,ATL,ORF,516,5,14,0,,0,24,0,6,0,0
2006,11,23,4,808,810,1038,1033,DL,1715,N916DN,210,203,182,5,-2,ORD,SLC,1249,5,23,0,,0,0,0,0,0,0
2006,11,23,4,1133,1143,1234,1239,DL,1715,N916DN,121,116,98,-5,-10,SLC,SJC,585,4,19,0,,0,0,0,0,0,0
2006,11,23,4,1643,1647,1810,1842,DL,1717,N627DL,87,115,67,-32,-4,IAD,ATL,533,8,12,0,,0,0,0,0,0,0
2006,11,23,4,1934,1932,2036,2055,DL,1717,N627DL,122,143,102,-19,2,ATL,DFW,732,5,15,0,,0,0,0,0,0,0
2006,11,23,4,1213,1205,1313,1321,DL,1718,N919DE,60,76,37,-8,8,CLT,ATL,227,6,17,0,,0,0,0,0,0,0
2006,11,23,4,1410,1411,1539,1538,DL,1718,N919DE,89,87,67,1,-1,ATL,IND,432,8,14,0,,0,0,0,0,0,0
2006,11,23,4,717,720,847,853,DL,1721,N985DL,90,93,65,-6,-3,MLB,ATL,443,15,10,0,,0,0,0,0,0,0
2006,11,23,4,953,956,1144,1140,DL,1721,N985DL,111,104,79,4,-3,ATL,CAK,528,4,28,0,,0,0,0,0,0,0
2006,11,23,4,637,645,936,955,DL,1722,N915DN,119,130,78,-19,-8,SNA,SLC,588,6,35,0,,0,0,0,0,0,0
2006,11,23,4,556,600,819,829,DL,1725,N993DL,83,89,68,-10,-4,MSY,ATL,425,6,9,0,,0,0,0,0,0,0
2006,11,23,4,911,915,1057,1100,DL,1725,N993DL,106,105,87,-3,-4,ATL,BWI,576,5,14,0,,0,0,0,0,0,0
2006,11,23,4,853,900,1200,1200,DL,1730,N976DL,127,120,101,0,-7,DFW,ATL,732,7,19,0,,0,0,0,0,0,0
2006,11,23,4,1249,1251,1354,1355,DL,1730,N976DL,65,64,44,-1,-2,ATL,CLT,227,4,17,0,,0,0,0,0,0,0
2006,11,23,4,1419,1422,1515,1522,DL,1731,N993DL,116,120,98,-7,-3,ATL,MKE,669,5,13,0,,0,0,0,0,0,0
2006,11,23,4,1026,1025,1155,1202,DL,1733,N968DL,89,97,64,-7,1,ATL,IND,432,10,15,0,,0,0,0,0,0,0
2006,11,23,4,1227,1232,1439,1502,DL,1739,N396DA,72,90,54,-23,-5,LAS,SLC,368,5,13,0,,0,0,0,0,0,0
2006,11,23,4,750,800,851,906,DL,1742,N908DA,61,66,45,-15,-10,BOI,SLC,291,5,11,0,,0,0,0,0,0,0
2006,11,23,4,1023,957,1210,1141,DL,1742,N906DA,107,104,76,29,26,SLC,PHX,507,6,25,0,,0,26,0,3,0,0
2006,11,23,4,824,825,1009,1017,DL,1744,N911DA,165,172,134,-8,-1,DFW,SLC,988,11,20,0,,0,0,0,0,0,0
2006,11,23,4,1112,1119,1143,1157,DL,1744,N911DA,91,98,69,-14,-7,SLC,RNO,422,4,18,0,,0,0,0,0,0,0
2006,11,23,4,1720,1706,1718,1723,DL,1748,N965DL,58,77,41,-5,14,ATL,PNS,272,4,13,0,,0,0,0,0,0,0
2006,11,23,4,1135,1140,1243,1302,DL,1751,N960DL,68,82,46,-19,-5,GSO,ATL,306,11,11,0,,0,0,0,0,0,0
2006,11,23,4,1422,1348,1544,1445,DL,1751,N960DL,142,117,98,59,34,ATL,ORD,606,7,37,0,,0,34,0,25,0,0
2006,11,23,4,818,830,946,945,DL,1754,N926DL,88,75,57,1,-12,LEX,ATL,303,8,23,0,,0,0,0,0,0,0
2006,11,23,4,1053,930,1254,1137,DL,1755,N927DA,61,67,44,77,83,PNS,ATL,272,9,8,0,,0,0,0,0,0,77
2006,11,23,4,1235,1224,1357,1355,DL,1755,N931DL,142,151,118,2,11,ATL,SAT,874,2,22,0,,0,0,0,0,0,0
2006,11,23,4,1130,1130,1252,1300,DL,1756,N139DL,82,90,64,-8,0,TPA,ATL,406,5,13,0,,0,0,0,0,0,0
2006,11,23,4,2036,2030,2232,2218,DL,1758,N602DL,116,108,89,14,6,ATL,BWI,576,8,19,0,,0,0,0,0,0,0
2006,11,23,4,1754,1800,2153,2136,DL,1763,N6713Y,419,396,333,17,-6,JFK,SEA,2421,6,80,0,,0,0,0,17,0,0
2006,11,23,4,1405,1410,1603,1606,DL,1766,N144DA,118,116,80,-3,-5,FLL,ATL,581,26,12,0,,0,0,0,0,0,0
2006,11,23,4,826,830,1140,1159,DL,1770,N3740C,374,389,344,-19,-4,BOS,LAX,2611,14,16,0,,0,0,0,0,0,0
2006,11,23,4,1638,1649,1947,2000,DL,1771,N3732J,189,191,165,-13,-11,FLL,BOS,1237,10,14,0,,0,0,0,0,0,0
2006,11,23,4,829,833,957,1000,DL,1772,N945DL,88,87,68,-3,-4,CVG,DCA,411,7,13,0,,0,0,0,0,0,0
2006,11,23,4,838,845,1612,1602,DL,1773,N607DL,274,257,251,10,-7,RNO,ATL,1993,8,15,0,,0,0,0,0,0,0
2006,11,23,4,603,610,836,851,DL,1776,N3743H,93,101,74,-15,-7,ONT,SLC,558,7,12,0,,0,0,0,0,0,0
2006,11,23,4,1000,1006,1635,1639,DL,1776,N399DA,275,273,222,-4,-6,SLC,PHL,1926,8,45,0,,0,0,0,0,0,0
2006,11,23,4,1123,1130,1437,1438,DL,1777,N902DE,194,188,162,-1,-7,PBI,BOS,1197,11,21,0,,0,0,0,0,0,0
2006,11,23,4,750,755,1453,1506,DL,1778,N644DL,243,251,228,-13,-5,SNA,ATL,1919,6,9,0,,0,0,0,0,0,0
2006,11,23,4,1706,1715,2321,2344,DL,1780,N6704Z,255,269,228,-23,-9,SLC,JFK,1989,8,19,0,,0,0,0,0,0,0
2006,11,23,4,1053,1100,1824,1837,DL,1781,N3751B,271,277,250,-13,-7,LAX,TPA,2158,4,17,0,,0,0,0,0,0,0
2006,11,23,4,1754,1755,1948,1951,DL,1782,N629DL,114,116,84,-3,-1,ATL,MIA,595,10,20,0,,0,0,0,0,0,0
2006,11,23,4,752,750,1123,1032,DL,1783,N921DL,211,162,192,51,2,TPA,LGA,1011,8,11,0,,0,0,0,51,0,0
2006,11,23,4,825,830,1118,1135,DL,1784,N398DA,173,185,137,-17,-5,LGA,PBI,1035,6,30,0,,0,0,0,0,0,0
2006,11,23,4,1927,1929,1956,2011,DL,1785,N374DA,89,102,65,-15,-2,ATL,MSY,425,8,16,0,,0,0,0,0,0,0
2006,11,23,4,1630,1636,1932,1929,DL,1786,N980DL,182,173,154,3,-6,FLL,LGA,1076,11,17,0,,0,0,0,0,0,0
2006,11,23,4,737,745,1037,1107,DL,1787,N925DL,180,202,159,-30,-8,BOS,PBI,1197,8,13,0,,0,0,0,0,0,0
2006,11,23,4,1938,1940,2234,2259,DL,1788,N606DL,176,199,162,-25,-2,BOS,FLL,1237,3,11,0,,0,0,0,0,0,0
2006,11,23,4,1056,1100,1746,1753,DL,1789,N130DL,230,233,206,-7,-4,LAS,ATL,1747,12,12,0,,0,0,0,0,0,0
2006,11,23,4,1938,1940,2055,2114,DL,1789,N130DL,77,94,60,-19,-2,ATL,MCO,403,5,12,0,,0,0,0,0,0,0
2006,11,23,4,1008,1012,1013,1021,DL,1790,N627DL,65,69,40,-8,-4,ATL,BNA,214,5,20,0,,0,0,0,0,0,0
2006,11,23,4,708,714,857,900,DL,1793,N134DL,109,106,84,-3,-6,ATL,FLL,581,6,19,0,,0,0,0,0,0,0
2006,11,23,4,900,900,1017,1026,DL,1797,N139DL,77,86,62,-9,0,ATL,TPA,406,4,11,0,,0,0,0,0,0,0
2006,11,23,4,659,700,827,822,DL,1800,N394DA,88,82,55,5,-1,ATL,MCO,403,7,26,0,,0,0,0,0,0,0
2006,11,23,4,1203,1154,1358,1412,DL,1801,N912DL,115,138,99,-14,9,ROC,ATL,749,6,10,0,,0,0,0,0,0,0
2006,11,23,4,710,715,853,906,DL,1803,N636DL,103,111,79,-13,-5,PBI,ATL,545,13,11,0,,0,0,0,0,0,0
2006,11,23,4,1001,1000,1030,1038,DL,1803,N605DL,89,98,64,-8,1,ATL,MSY,425,3,22,0,,0,0,0,0,0,0
2006,11,23,4,812,800,1122,1107,DL,1804,N900DE,190,187,170,15,12,FLL,BOS,1237,8,12,0,,0,12,0,3,0,0
2006,11,23,4,1029,1035,1814,1827,DL,1805,N653DL,285,292,267,-13,-6,LAX,FLL,2342,5,13,0,,0,0,0,0,0,0
2006,11,23,4,707,700,920,942,DL,1808,N653DL,313,342,298,-22,7,FLL,LAX,2342,2,13,0,,0,0,0,0,0,0
2006,11,23,4,831,830,1003,1008,DL,1809,N612DL,92,98,69,-5,1,ATL,RSW,515,7,16,0,,0,0,0,0,0,0
2006,11,23,4,1518,1525,1621,1632,DL,1811,N983DL,63,67,41,-11,-7,TLH,ATL,223,12,10,0,,0,0,0,0,0,0
2006,11,23,4,608,610,706,710,DL,1813,N983DL,58,60,39,-4,-2,TLH,ATL,223,9,10,0,,0,0,0,0,0,0
2006,11,23,4,759,800,906,901,DL,1813,N983DL,127,121,102,5,-1,ATL,MCI,692,4,21,0,,0,0,0,0,0,0
2006,11,23,4,800,800,1019,1042,DL,1814,N939DL,139,162,117,-23,0,PVD,ATL,903,10,12,0,,0,0,0,0,0,0
2006,11,23,4,1211,1144,1314,1301,DL,1814,N3764D,183,197,160,13,27,ATL,ABQ,1269,6,17,0,,0,0,0,0,0,0
2006,11,23,4,740,745,946,950,DL,1815,N659DL,126,125,108,-4,-5,MCO,CVG,756,6,12,0,,0,0,0,0,0,0
2006,11,23,4,54,55,620,640,DL,1816,N757AT,206,225,188,-20,-1,PHX,ATL,1587,5,13,0,,0,0,0,0,0,0
2006,11,23,4,815,815,1011,1003,DL,1818,N6714Q,116,108,90,8,0,ATL,FLL,581,7,19,0,,0,0,0,0,0,0
2006,11,23,4,652,700,1405,1425,DL,1820,N388DA,253,265,229,-20,-8,SFO,CVG,2036,6,18,0,,0,0,0,0,0,0
2006,11,23,4,706,705,834,836,DL,1824,N845MH,88,91,63,-2,1,MCO,ATL,403,12,13,0,,0,0,0,0,0,0
2006,11,23,4,1013,1000,1221,1212,DL,1824,N845MH,248,252,204,9,13,ATL,SLC,1589,6,38,0,,0,0,0,0,0,0
2006,11,23,4,1136,1140,1519,1516,DL,1825,N831MH,403,396,378,3,-4,SLC,HNL,2994,7,18,0,,0,0,0,0,0,0
2006,11,23,4,600,600,721,721,DL,1827,N651DL,81,81,64,0,0,TPA,ATL,406,6,11,0,,0,0,0,0,0,0
2006,11,23,4,1044,1050,1821,1833,DL,1828,N671DN,277,283,258,-12,-6,LAX,MCO,2217,4,15,0,,0,0,0,0,0,0
2006,11,23,4,1220,1228,1439,1448,DL,1829,N979DL,79,80,56,-9,-8,MEM,ATL,332,6,17,0,,0,0,0,0,0,0
2006,11,23,4,713,715,957,1031,DL,1830,N901DL,164,196,143,-34,-2,BOS,MCO,1121,7,14,0,,0,0,0,0,0,0
2006,11,23,4,2248,2300,648,724,DL,1832,N6701,300,324,277,-36,-12,LAX,JFK,2475,5,18,0,,0,0,0,0,0,0
2006,11,23,4,1223,1230,1532,1549,DL,1834,N3732J,189,199,164,-17,-7,BOS,FLL,1237,6,19,0,,0,0,0,0,0,0
2006,11,23,4,1215,1210,1450,1514,DL,1835,N922DL,155,184,135,-24,5,LGA,FLL,1076,5,15,0,,0,0,0,0,0,0
2006,11,23,4,1613,1600,1911,1900,DL,1836,N910DE,178,180,152,11,13,MCO,BOS,1121,12,14,0,,0,0,0,0,0,0
2006,11,23,4,637,640,1149,1136,DL,1837,N914DL,192,176,169,13,-3,ELP,ATL,1282,12,11,0,,0,0,0,0,0,0
2006,11,23,4,1220,1223,1204,1213,DL,1837,N914DL,44,50,23,-9,-3,ATL,BHM,134,4,17,0,,0,0,0,0,0,0
2006,11,23,4,1252,1245,1537,1535,DL,1838,N680DA,165,170,127,2,7,JFK,MCO,944,10,28,0,,0,0,0,0,0,0
2006,11,23,4,856,900,1109,1050,DL,1839,N676DL,313,290,290,19,-4,CVG,SFO,2036,8,15,0,,0,0,0,19,0,0
2006,11,23,4,1556,1600,1921,1900,DL,1840,N922DL,205,180,153,21,-4,FLL,JFK,1069,42,10,0,,0,0,0,21,0,0
2006,11,23,4,1212,1140,1458,1457,DL,1841,N6701,346,377,316,1,32,JFK,LAX,2475,7,23,0,,0,0,0,0,0,0
2006,11,23,4,1117,1100,1943,1958,DL,1842,N6710E,326,358,284,-15,17,LAX,JFK,2475,23,19,0,,0,0,0,0,0,0
2006,11,23,4,759,800,1111,1140,DL,1843,N961DL,192,220,168,-29,-1,BOS,RSW,1249,7,17,0,,0,0,0,0,0,0
2006,11,23,4,1219,1225,1535,1531,DL,1844,N961DL,196,186,178,4,-6,RSW,BOS,1249,8,10,0,,0,0,0,0,0,0
2006,11,23,4,1543,1543,1550,1600,DL,1848,N934DL,67,77,50,-10,0,ATL,MEM,332,7,10,0,,0,0,0,0,0,0
2006,11,23,4,1256,1305,1519,1539,DL,1849,N618DL,143,154,124,-20,-9,FLL,CVG,932,6,13,0,,0,0,0,0,0,0